corpus_id,paper_id,paper_version,claim_id,claim_uid,status,level,claim,locked_value,source_lock_path,source_lock_sha256,guardrail_class,release_note,source_package
BPB_MBE_HAL_v1_candidate,Paper_0,v0.9,P0.D2.01,P0.D2.01::paper/paper0/source_locks/D2_a0_closure/paper0_D2_a0_closure_source_lock.md,SOURCE_LOCKED,D2_PROVENANCE,Paper 0 contains a source-locked D2 a0 closure/provenance bundle.,D2_audit_complete.py; D2_closure_note.md; D2_audit_run.log; appendix_J_D2_a0_closure.tex,paper/paper0/source_locks/D2_a0_closure/paper0_D2_a0_closure_source_lock.md,6a0a8e02e06f6776807b06968ad3520336399f56d40d00a74450dfdfc5e68acb,SOURCE_LOCK,synthetic row from source-lock decision table,embedded release_index/00_CLAIMS_INDEX.csv from paperV_early_galaxies_v0_3_2_source_ONLY.zip
BPB_MBE_HAL_CORPUS_FINAL_20260506,Paper_I,v0.4.1,P1.01,P1.01::paperI_lowz_BPB_MBE_v0_4_1.pdf::Section12,SOURCE_LOCKED,DICTIONARY_TRANSPORT,The HR branch-projection dictionary is transported into the low-redshift cosmological sector using the Paper 0 rounded anchors and exact MAP1782 values.,s_surv0 rounded=0.800; beta_grow rounded=-0.2067; exact s_surv0=0.7956924397708606; exact beta_grow=-0.2106621406010265,pdfs/paperI_lowz_BPB_MBE_v0_4_1.pdf; Section 12 Main claims,1e8df3fedefc28412f716d7050ac7fdb401b2e70a970be545073c054a460f72c,,Added in final release index because Paper I source package exposes claims in body rather than a separate claim CSV.,manual extraction from final PDF/source text
BPB_MBE_HAL_CORPUS_FINAL_20260506,Paper_I,v0.4.1,P1.02,P1.02::paperI_lowz_BPB_MBE_v0_4_1.pdf::Section12,SOURCE_LOCKED,BACKGROUND_SURVIVAL,"The background gate is passed on SNe, CC and BAO blocks.",Delta chi2 background blocks=-9.215917192290249,pdfs/paperI_lowz_BPB_MBE_v0_4_1.pdf; Section 12 Main claims,1e8df3fedefc28412f716d7050ac7fdb401b2e70a970be545073c054a460f72c,,Added in final release index because Paper I source package exposes claims in body rather than a separate claim CSV.,manual extraction from final PDF/source text
BPB_MBE_HAL_CORPUS_FINAL_20260506,Paper_I,v0.4.1,P1.03,P1.03::paperI_lowz_BPB_MBE_v0_4_1.pdf::Section12,SOURCE_LOCKED,GROWTH_IMPROVEMENT,The growth gate is passed in the f_sigma8 block.,Delta chi2_fsigma8=-7.95761915514985,pdfs/paperI_lowz_BPB_MBE_v0_4_1.pdf; Section 12 Main claims,1e8df3fedefc28412f716d7050ac7fdb401b2e70a970be545073c054a460f72c,,Added in final release index because Paper I source package exposes claims in body rather than a separate claim CSV.,manual extraction from final PDF/source text
BPB_MBE_HAL_CORPUS_FINAL_20260506,Paper_I,v0.4.1,P1.04,P1.04::paperI_lowz_BPB_MBE_v0_4_1.pdf::Section12,SOURCE_LOCKED,KIDS_AMPLITUDE,The compressed KiDS S8 amplitude block supports the full-joint result.,Delta chi2_KiDS=-2.512430082852573; compressed amplitude only,pdfs/paperI_lowz_BPB_MBE_v0_4_1.pdf; Section 12 Main claims,1e8df3fedefc28412f716d7050ac7fdb401b2e70a970be545073c054a460f72c,GUARDRAIL,Added in final release index because Paper I source package exposes claims in body rather than a separate claim CSV.,manual extraction from final PDF/source text
BPB_MBE_HAL_CORPUS_FINAL_20260506,Paper_I,v0.4.1,P1.05,P1.05::paperI_lowz_BPB_MBE_v0_4_1.pdf::Section12,SOURCE_LOCKED,WEYL_RESPONSE,ACT diagnostic requires a positive Weyl-auto closure and supports mu_m != Sigma.,cSigma=0.71 selected by ACT Weyl-closure diagnostic; final ACT block Delta chi2=+3.856824717318244,pdfs/paperI_lowz_BPB_MBE_v0_4_1.pdf; Section 12 Main claims,1e8df3fedefc28412f716d7050ac7fdb401b2e70a970be545073c054a460f72c,,Added in final release index because Paper I source package exposes claims in body rather than a separate claim CSV.,manual extraction from final PDF/source text
BPB_MBE_HAL_CORPUS_FINAL_20260506,Paper_I,v0.4.1,P1.06,P1.06::paperI_lowz_BPB_MBE_v0_4_1.pdf::Section12,SOURCE_LOCKED,LOWZ_MAP_IMPROVEMENT,The full-joint BPB/MBE MAP improves over matched LCDM on the same stack.,chi2_BPB=1782.4420773237218; chi2_LCDM=1798.2712190366963; Delta chi2=-15.829141712974518,pdfs/paperI_lowz_BPB_MBE_v0_4_1.pdf; Section 12 Main claims,1e8df3fedefc28412f716d7050ac7fdb401b2e70a970be545073c054a460f72c,,Added in final release index because Paper I source package exposes claims in body rather than a separate claim CSV.,manual extraction from final PDF/source text
BPB_MBE_HAL_CORPUS_FINAL_20260506,Paper_I,v0.4.1,P1.07,P1.07::paperI_lowz_BPB_MBE_v0_4_1.pdf::Section12,SOURCE_LOCKED,CORPUS_ROLE,Paper I is the first observational descendant of the Paper 0 dictionary with explicit guardrails.,MAP-level low-z closure only; not final Bayesian evidence or full Planck closure,pdfs/paperI_lowz_BPB_MBE_v0_4_1.pdf; Section 12 Main claims,1e8df3fedefc28412f716d7050ac7fdb401b2e70a970be545073c054a460f72c,GUARDRAIL,Added in final release index because Paper I source package exposes claims in body rather than a separate claim CSV.,manual extraction from final PDF/source text
BPB_MBE_HAL_v1_candidate,Paper_II,v0.4.1,P2.D3.01,P2.D3.01::outputs/paperII_D3/paperII_D3_claim_source_lock.csv,SOURCE_LOCKED,PROJECTOR_ALGEBRA,Density-weighted two-sector mixing gives cos^2(theta_W)=a_bg exactly.,residual=0.000e+00,outputs/paperII_D3/paperII_D3_claim_source_lock.csv,b8082d7cb13e1fdef9e67669a20f1a0c99a171b0dbbaba66d664ab1639e4f4a7,,,embedded release_index/00_CLAIMS_INDEX.csv from paperV_early_galaxies_v0_3_2_source_ONLY.zip
BPB_MBE_HAL_v1_candidate,Paper_II,v0.4.1,P2.D3.02,P2.D3.02::outputs/paperII_D3/paperII_D3_claim_source_lock.csv,SOURCE_LOCKED,PREDICTION,The D3 Weyl-matter closure is r_Wdelta=sqrt(a_bg).,sqrt(a_bg)=0.635364421415,outputs/paperII_D3/paperII_D3_claim_source_lock.csv,b8082d7cb13e1fdef9e67669a20f1a0c99a171b0dbbaba66d664ab1639e4f4a7,,,embedded release_index/00_CLAIMS_INDEX.csv from paperV_early_galaxies_v0_3_2_source_ONLY.zip
BPB_MBE_HAL_v1_candidate,Paper_II,v0.4.1,P2.D3.03,P2.D3.03::outputs/paperII_D3/paperII_D3_claim_source_lock.csv,SOURCE_LOCKED,EG_SUPPORT,The E_G auto/cross amplitude diagnostic supports the closure without defining it.,T8 fraction=0.397990327336; rel_delta=-1.411392%; chi2pt=0.226490,outputs/paperII_D3/paperII_D3_claim_source_lock.csv,b8082d7cb13e1fdef9e67669a20f1a0c99a171b0dbbaba66d664ab1639e4f4a7,,,embedded release_index/00_CLAIMS_INDEX.csv from paperV_early_galaxies_v0_3_2_source_ONLY.zip
BPB_MBE_HAL_v1_candidate,Paper_II,v0.4.1,P2.D3.04,P2.D3.04::outputs/paperII_D3/paperII_D3_claim_source_lock.csv,SOURCE_LOCKED,T1_SUPPORT,Fixing r_Wdelta=sqrt(a_bg) is indistinguishable from the free r diagnostic at T1 level.,delta_chi2=0.008545000000; r_free-sqrt(a_bg)=-0.004499675415,outputs/paperII_D3/paperII_D3_claim_source_lock.csv,b8082d7cb13e1fdef9e67669a20f1a0c99a171b0dbbaba66d664ab1639e4f4a7,,,embedded release_index/00_CLAIMS_INDEX.csv from paperV_early_galaxies_v0_3_2_source_ONLY.zip
BPB_MBE_HAL_v1_candidate,Paper_II,v0.4.1,P2.D3.05,P2.D3.05::outputs/paperII_D3/paperII_D3_claim_source_lock.csv,SOURCE_LOCKED,GUARDRAIL,The beta-only shortcut y_t^2(1-a)=a^3 is not the D3 closure.,a_beta_only=0.381766887477; rel_delta=-5.430199%,outputs/paperII_D3/paperII_D3_claim_source_lock.csv,b8082d7cb13e1fdef9e67669a20f1a0c99a171b0dbbaba66d664ab1639e4f4a7,GUARDRAIL,,embedded release_index/00_CLAIMS_INDEX.csv from paperV_early_galaxies_v0_3_2_source_ONLY.zip
BPB_MBE_HAL_v1_candidate,Paper_II,v0.4.1,P2.D3B.01,P2.D3B.01::outputs/paperII_D3/paperII_D3b_claim_source_lock.csv,SOURCE_LOCKED,MECHANISM,The s0-weighted HR scalar-projector condition predicts a_bg at sub-percent level.,rounded_rel=0.532556%; exact_rel=0.680002%,outputs/paperII_D3/paperII_D3b_claim_source_lock.csv,ed5b461630b16c5e7b1812960a6e822168195df6dc78ee7937eee597a34d898c,,,embedded release_index/00_CLAIMS_INDEX.csv from paperV_early_galaxies_v0_3_2_source_ONLY.zip
BPB_MBE_HAL_v1_candidate,Paper_II,v0.4.1,P2.D3B.02,P2.D3B.02::outputs/paperII_D3/paperII_D3b_claim_source_lock.csv,SOURCE_LOCKED,GUARDRAIL,The s0-weighted condition is not an exact identity for the locked a_bg.,C_req=1.225804623818; s0_req=0.815790690107,outputs/paperII_D3/paperII_D3b_claim_source_lock.csv,ed5b461630b16c5e7b1812960a6e822168195df6dc78ee7937eee597a34d898c,GUARDRAIL,,embedded release_index/00_CLAIMS_INDEX.csv from paperV_early_galaxies_v0_3_2_source_ONLY.zip
BPB_MBE_HAL_v1_candidate,Paper_II,v0.4.1,P2.D3B.03,P2.D3B.03::outputs/paperII_D3/paperII_D3b_claim_source_lock.csv,SOURCE_LOCKED,COMPARISON,The s0-weighted condition improves strongly over the beta-only shortcut.,beta_only_rel=-5.430199%; exact_s0_rel=0.680002%,outputs/paperII_D3/paperII_D3b_claim_source_lock.csv,ed5b461630b16c5e7b1812960a6e822168195df6dc78ee7937eee597a34d898c,,,embedded release_index/00_CLAIMS_INDEX.csv from paperV_early_galaxies_v0_3_2_source_ONLY.zip
BPB_MBE_HAL_v1_candidate,Paper_II,v0.4.1,P2.D5.01,P2.D5.01::outputs/paperII_D5/paperII_D5A8_claim_source_lock.csv,SOURCE_LOCKED,GUARDRAIL,Global r_Wdelta does not close the amplitude gap.,See A4/A5/A6 chain.,outputs/paperII_D5/paperII_D5A8_claim_source_lock.csv,88b3db7d7be387357b4d7a6f9af5ff9cf176fcddc5ed9416f11e74545f357186,GUARDRAIL,,embedded release_index/00_CLAIMS_INDEX.csv from paperV_early_galaxies_v0_3_2_source_ONLY.zip
BPB_MBE_HAL_v1_candidate,Paper_II,v0.4.1,P2.D5.02,P2.D5.02::outputs/paperII_D5/paperII_D5A8_claim_source_lock.csv,SOURCE_LOCKED,DIAGNOSTIC,The missing amplitude is row-dependent.,median scale=0.933557277247; top5 fraction=0.807875467107,outputs/paperII_D5/paperII_D5A8_claim_source_lock.csv,88b3db7d7be387357b4d7a6f9af5ff9cf176fcddc5ed9416f11e74545f357186,,,embedded release_index/00_CLAIMS_INDEX.csv from paperV_early_galaxies_v0_3_2_source_ONLY.zip
BPB_MBE_HAL_v1_candidate,Paper_II,v0.4.1,P2.D5.03,P2.D5.03::outputs/paperII_D5/paperII_D5A8_claim_source_lock.csv,SOURCE_LOCKED,COMPRESSED_VALIDATION,A6 source-only LOO kernel recovers most of the clean-to-archive gap.,recovered=0.778483388989; dchi2=-4309.44966114,outputs/paperII_D5/paperII_D5A8_claim_source_lock.csv,88b3db7d7be387357b4d7a6f9af5ff9cf176fcddc5ed9416f11e74545f357186,,,embedded release_index/00_CLAIMS_INDEX.csv from paperV_early_galaxies_v0_3_2_source_ONLY.zip
BPB_MBE_HAL_v1_candidate,Paper_II,v0.4.1,P2.D5.04,P2.D5.04::outputs/paperII_D5/paperII_D5A8_claim_source_lock.csv,SOURCE_LOCKED,ROBUSTNESS,"A6b passes name recovery, leakage guard, and resampling audit.",kfold median recovered=0.790380264933,outputs/paperII_D5/paperII_D5A8_claim_source_lock.csv,88b3db7d7be387357b4d7a6f9af5ff9cf176fcddc5ed9416f11e74545f357186,,,embedded release_index/00_CLAIMS_INDEX.csv from paperV_early_galaxies_v0_3_2_source_ONLY.zip
BPB_MBE_HAL_v1_candidate,Paper_II,v0.4.1,P2.D5.05,P2.D5.05::outputs/paperII_D5/paperII_D5A8_claim_source_lock.csv,SOURCE_LOCKED,RAW_VALIDATION,A7 validates the primary A6 kernel in raw point-level SPARC RC.,recovered=0.773245496307; dchi2=-4302.45576787; delta_archive=302.773824138,outputs/paperII_D5/paperII_D5A8_claim_source_lock.csv,88b3db7d7be387357b4d7a6f9af5ff9cf176fcddc5ed9416f11e74545f357186,,,embedded release_index/00_CLAIMS_INDEX.csv from paperV_early_galaxies_v0_3_2_source_ONLY.zip
BPB_MBE_HAL_v1_candidate,Paper_II,v0.4.1,P2.D5.06,P2.D5.06::outputs/paperII_D5/paperII_D5A8_claim_source_lock.csv,SOURCE_LOCKED,RAW_CONTROL,A7 c200-only source-side control also passes raw RC validation.,recovered=0.777719560161; dchi2=-4308.42975912,outputs/paperII_D5/paperII_D5A8_claim_source_lock.csv,88b3db7d7be387357b4d7a6f9af5ff9cf176fcddc5ed9416f11e74545f357186,,,embedded release_index/00_CLAIMS_INDEX.csv from paperV_early_galaxies_v0_3_2_source_ONLY.zip
BPB_MBE_HAL_v1_candidate,Paper_II,v0.4.1,P2.D5.07,P2.D5.07::outputs/paperII_D5/paperII_D5A8_claim_source_lock.csv,SOURCE_LOCKED,WORDING_GUARDRAIL,Do not claim exact archive or oracle recovery.,primary delta archive=302.773824138; delta oracle=311.108489153,outputs/paperII_D5/paperII_D5A8_claim_source_lock.csv,88b3db7d7be387357b4d7a6f9af5ff9cf176fcddc5ed9416f11e74545f357186,GUARDRAIL,,embedded release_index/00_CLAIMS_INDEX.csv from paperV_early_galaxies_v0_3_2_source_ONLY.zip
BPB_MBE_HAL_v1_candidate,Paper_II,v0.4.1,P2.D6.01,P2.D6.01::outputs/paperII_D5/paperII_D6_claim_source_lock.csv,SOURCE_LOCKED,NULL_TEST,The A6 raw-RC kernel beats a source-feature permutation null.,p_perm=0.00019996; z=0.100; null_p95=0.199844; real_raw=0.773245,outputs/paperII_D5/paperII_D6_claim_source_lock.csv,cb2d7bf1b6d03a59dd65788352c3c3250565e6e0d414fa44f29060bd8180c117,,,embedded release_index/00_CLAIMS_INDEX.csv from paperV_early_galaxies_v0_3_2_source_ONLY.zip
BPB_MBE_HAL_v1_candidate,Paper_II,v0.4.1,P2.D6.02,P2.D6.02::outputs/paperII_D5/paperII_D6_claim_source_lock.csv,SOURCE_LOCKED,ROBUSTNESS,The D5 raw-RC amplitude result is not only a single top-galaxy effect.,remove_top1:rec=0.832030; remove_top3:rec=0.746563; remove_top5:rec=0.580735; remove_top10:rec=0.796819,outputs/paperII_D5/paperII_D6_claim_source_lock.csv,cb2d7bf1b6d03a59dd65788352c3c3250565e6e0d414fa44f29060bd8180c117,GUARDRAIL,,embedded release_index/00_CLAIMS_INDEX.csv from paperV_early_galaxies_v0_3_2_source_ONLY.zip
BPB_MBE_HAL_v1_candidate,Paper_II,v0.4.1,P2.D6.03,P2.D6.03::outputs/paperII_D5/paperII_D6_claim_source_lock.csv,SOURCE_LOCKED,ABLATION,The effect is dominated by source-side halo-shape/concentration information.,c200-only raw recovered=0.777720; primary raw recovered=0.773245,outputs/paperII_D5/paperII_D6_claim_source_lock.csv,cb2d7bf1b6d03a59dd65788352c3c3250565e6e0d414fa44f29060bd8180c117,,,embedded release_index/00_CLAIMS_INDEX.csv from paperV_early_galaxies_v0_3_2_source_ONLY.zip
BPB_MBE_HAL_v1_candidate,Paper_II,v0.4.1,P2.D6.04,P2.D6.04::outputs/paperII_D5/paperII_D6_claim_source_lock.csv,SOURCE_LOCKED,GUARDRAIL,Do not claim exact archive or oracle recovery.,primary delta_archive=302.773824; primary total_dchi2=-4302.455768,outputs/paperII_D5/paperII_D6_claim_source_lock.csv,cb2d7bf1b6d03a59dd65788352c3c3250565e6e0d414fa44f29060bd8180c117,GUARDRAIL,,embedded release_index/00_CLAIMS_INDEX.csv from paperV_early_galaxies_v0_3_2_source_ONLY.zip
BPB_MBE_HAL_v1_candidate,Paper_II,v0.4.1,P2.D6.05,P2.D6.05::outputs/paperII_D5/paperII_D6_claim_source_lock.csv,SOURCE_LOCKED,FINAL_LOCK,D5/D6 is locked for Paper II with guardrails.,PASS_FINAL_D6_LOCK,outputs/paperII_D5/paperII_D6_claim_source_lock.csv,cb2d7bf1b6d03a59dd65788352c3c3250565e6e0d414fa44f29060bd8180c117,GUARDRAIL,,embedded release_index/00_CLAIMS_INDEX.csv from paperV_early_galaxies_v0_3_2_source_ONLY.zip
BPB_MBE_HAL_v1_candidate,Paper_II,v0.4.1,P2.D7.01,P2.D7.01::outputs/paperII_D7/paperII_D7_claim_source_lock.csv,SOURCE_LOCKED,CAMB_MECHANISM,Face-minus is implemented as a +0.010 ns displacement in CAMB.,ns_base=0.972; ns_face_minus=0.982,outputs/paperII_D7/paperII_D7_claim_source_lock.csv,425eb74413cef4c57b9acc1b3ca1b455e74854486558b33363d45ea9a8634483,,,embedded release_index/00_CLAIMS_INDEX.csv from paperV_early_galaxies_v0_3_2_source_ONLY.zip
BPB_MBE_HAL_v1_candidate,Paper_II,v0.4.1,P2.D7.02,P2.D7.02::outputs/paperII_D7/paperII_D7_claim_source_lock.csv,SOURCE_LOCKED,SPECTRAL_TILT,Same-background CAMB TT/EE spectra show the expected tilt-like response.,TT_slope=0.008945049168186893; EE_slope=0.009453240659999728,outputs/paperII_D7/paperII_D7_claim_source_lock.csv,425eb74413cef4c57b9acc1b3ca1b455e74854486558b33363d45ea9a8634483,,,embedded release_index/00_CLAIMS_INDEX.csv from paperV_early_galaxies_v0_3_2_source_ONLY.zip
BPB_MBE_HAL_v1_candidate,Paper_II,v0.4.1,P2.D7.03,P2.D7.03::outputs/paperII_D7/paperII_D7_claim_source_lock.csv,SOURCE_LOCKED,GUARDRAIL,D7 does not replace the full Planck likelihood.,PASS_CAMB_MECHANISM_NOT_FULL_PLANCK_LIKELIHOOD,outputs/paperII_D7/paperII_D7_claim_source_lock.csv,425eb74413cef4c57b9acc1b3ca1b455e74854486558b33363d45ea9a8634483,GUARDRAIL,,embedded release_index/00_CLAIMS_INDEX.csv from paperV_early_galaxies_v0_3_2_source_ONLY.zip
BPB_MBE_HAL_v1_candidate,Paper_III,v0.4.1,P3.ACT.01,P3.ACT.01::outputs/cmb_paperIII/paperIII_cmb_claim_source_lock.csv,SOURCE_MATCHED,FULL_ACT_DR6_LENSLIKE_DIAGNOSTIC,Direct ACT DR6 lenslike is operational; vanilla late-density mapping catastrophically fails; strict/K-primary face-minus remains close to the ACT baseline after a mild lensing-amplitude scan.,"{""A_vanilla_late_amp1"": {""Sigma_auto_eff"": 1.0, ""amp_PhiPhi"": 1.0, ""case"": ""A_vanilla_late_amp1"", ""chi2_ACT"": 227.5207684179947, ""delta_vs_Kprimary_amp1"": 210.05074773805387, ""delta_vs_Planck_PR4_amp1"": 213.56962815901213, ""delta_vs_reference_BPB_noSigma_27p655"": 199.8657684179947, ""delta_vs_reference_LCDM_native_22p9271"": 204.5936684179947, ""delta_vs_vanilla_amp1"": 0.0, ""description"": ""MAP1782 vanilla cold density, no Weyl amp"", ""kind"": ""special"", ""lnlike"": -113.76038420899737}, ""Kprimary_CMB8_amp"": {""Sigma_auto_eff"": 1.020858484132474, ""amp_PhiPhi"": 1.0421520446252523, ""case"": ""Kprimary_CMB8_amp"", ""chi2_ACT"": 14.156104008823837, ""delta_vs_Kprimary_amp1"": -3.313916671116999, ""delta_vs_Planck_PR4_amp1"": 0.2049637498412462, ""delta_vs_reference_BPB_noSigma_27p655"": -13.498895991176166, ""delta_vs_reference_LCDM_native_22p9271"": -8.770995991176164, ""delta_vs_vanilla_amp1"": -213.36466440917087, ""description"": ""Face-minus K_primary + CMB8 scalar amp"", ""kind"": ""special"", ""lnlike"": -7.0780520044119175}, ""Kprimary_amp1"": {""Sigma_auto_eff"": 1.0, ""amp_PhiPhi"": 1.0, ""case"": ""Kprimary_amp1"", ""chi2_ACT"": 17.470020679940834, ""delta_vs_Kprimary_amp1"": 0.0, ""delta_vs_Planck_PR4_amp1"": 3.5188804209582454, ""delta_vs_reference_BPB_noSigma_27p655"": -10.184979320059169, ""delta_vs_reference_LCDM_native_22p9271"": -5.457079320059165, ""delta_vs_vanilla_amp1"": -210.05074773805387, ""description"": ""Face-minus K_primary, no Weyl amp"", ""kind"": ""special"", ""lnlike"": -8.735010339970417}, ""Kprimary_scan_best"": {""Sigma_auto_eff"": 1.0212737145349429, ""amp_PhiPhi"": 1.043, ""case"": ""Kprimary_scan"", ""chi2_ACT"": 14.15359945719008, ""description"": ""Face-minus K_primary + scalar Weyl-auto amplitude scan"", ""kind"": ""scan"", ""lnlike"": -7.076799728595041}, ""Planck_PR4_amp1"": {""Sigma_auto_eff"": 1.0, ""amp_PhiPhi"": 1.0, ""case"": ""Planck_PR4_amp1"", ""chi2_ACT"": 13.951140258982589, ""delta_vs_Kprimary_amp1"": -3.5188804209582454, ""delta_vs_Planck_PR4_amp1"": 0.0, ""delta_vs_reference_BPB_noSigma_27p655"": -13.703859741017412, ""delta_vs_reference_LCDM_native_22p9271"": -8.97595974101741, ""delta_vs_vanilla_amp1"": -213.56962815901213, ""description"": ""Planck PR4 sanity, no Weyl amp"", ""kind"": ""special"", ""lnlike"": -6.975570129491294}}",outputs/cmb_paperIII/paperIII_cmb_claim_source_lock.csv,7cc2ee61f15dde1601628cd215e4487a555ac7a2c717b72b05117696b6c4e662,,,embedded release_index/00_CLAIMS_INDEX.csv from paperV_early_galaxies_v0_3_2_source_ONLY.zip
BPB_MBE_HAL_v1_candidate,Paper_III,v0.4.1,P3.CLAIM.PLANCKLITE.02,P3.CLAIM.PLANCKLITE.02::outputs/cmb_paperIII/paperIII_cmb_claim_source_lock_p3a4b_plancklite02.csv,SOURCE_MATCHED,PLANCK_LITE_FINE_NS_DATA_PRIOR_DECOMPOSITION,"Planck-lite residual penalty of strict face-minus is calibration-normalization driven, not acoustic-shape driven.","{""C_s_surv0_best_chi2_A_prior"": 50.90323934958068, ""C_s_surv0_best_chi2_data_TTTEEE"": 766.8881983998863, ""C_s_surv0_best_chi2_total"": 817.7914377494669, ""C_s_surv0_best_ns"": 0.976, ""Planck_PR4_best_chi2_A_prior"": 19.372628377692877, ""Planck_PR4_best_chi2_data_TTTEEE"": 771.9422311205933, ""Planck_PR4_best_chi2_total"": 791.3148594982862, ""Planck_PR4_best_ns"": 0.97, ""delta_A_planck_prior"": 31.530610971887803, ""delta_data_TTTEEE"": -5.054032720707028, ""delta_total"": 26.47657825118074}",outputs/cmb_paperIII/paperIII_cmb_claim_source_lock_p3a4b_plancklite02.csv,3e2ed84fa9a1524f24285f3f0930f943520bb172c0f92c4c153d840d2168c3b4,GUARDRAIL,,embedded release_index/00_CLAIMS_INDEX.csv from paperV_early_galaxies_v0_3_2_source_ONLY.zip
BPB_MBE_HAL_v1_candidate,Paper_III,v0.4.1,P3.JOINTLENS.01,P3.JOINTLENS.01::outputs/cmb_paperIII/paperIII_cmb_claim_source_lock.csv,SOURCE_MATCHED,JOINT_ACT_PLANCK_LENSING_SCALAR_AMP_DIAGNOSTIC,A common positive scalar Weyl-auto/lensing amplitude gives a low-penalty diagnostic closure of ACT DR6 lensing and Planck lensing.,"{""act_best"": {""Sigma_eff"": 1.0212737145349429, ""amp_phi"": 1.043, ""chi2_ACT"": 14.15359945719008, ""chi2_Planck_lensing"": 10.198317000740625, ""chi2_joint"": 24.351916457930702}, ""joint_best"": null, ""joint_scalar_penalty"": null, ""planck_best"": null, ""separate_min_sum"": null}",outputs/cmb_paperIII/paperIII_cmb_claim_source_lock.csv,7cc2ee61f15dde1601628cd215e4487a555ac7a2c717b72b05117696b6c4e662,,,embedded release_index/00_CLAIMS_INDEX.csv from paperV_early_galaxies_v0_3_2_source_ONLY.zip
BPB_MBE_HAL_v1_candidate,Paper_III,v0.4.1,P3.PLANCKLENS.01,P3.PLANCKLENS.01::outputs/cmb_paperIII/paperIII_cmb_claim_source_lock.csv,SOURCE_MATCHED,PLANCK_LENSING_DIAGNOSTIC,Planck lensing provides a complementary scalar-amplitude/window diagnostic to ACT.,"{""bin_forensic_best_by_case"": [{""Sigma_eff"": 1.0368220676663862, ""_best_by"": ""chi2"", ""amp_label"": ""best"", ""amp_phi"": 1.0750000000000002, ""case"": ""BPB_C_s_surv0"", ""chi2"": 8.742460151124908, ""diag_z_rms"": 0.9604301547458544, ""max_abs_diag_z"": 1.3538524879749632, ""max_abs_white"": 1.4301135942995873, ""raw_resid_rms"": 5.500291974974435e-09, ""white_rms"": 0.9855883832696593}, {""Sigma_eff"": 0.916515138991168, ""_best_by"": ""chi2"", ""amp_label"": ""best"", ""amp_phi"": 0.8400000000000001, ""case"": ""BPB_vanilla"", ""chi2"": 20.54451419576416, ""diag_z_rms"": 1.5108085412994854, ""max_abs_diag_z"": 2.23584358581971, ""max_abs_white"": 2.2378527778447928, ""raw_resid_rms"": 1.1265971137325684e-08, ""white_rms"": 1.5108685579921737}, {""Sigma_eff"": 1.0099504938362078, ""_best_by"": ""chi2"", ""amp_label"": ""best"", ""amp_phi"": 1.02, ""case"": ""Planck_PR4"", ""chi2"": 9.18193886999318, ""diag_z_rms"": 0.9860235374310772, ""max_abs_diag_z"": 1.350864530640841, ""max_abs_white"": 1.4864550348437515, ""raw_resid_rms"": 5.802725366576255e-09, ""white_rms"": 1.0100571419475446}], ""kernel_models_best_by_case"": [{""_best_by"": ""chi2"", ""amp_max_8_400"": 1.2288282735002636, ""amp_min_8_400"": 0.9990440456765316, ""case"": ""BPB_C_s_surv0"", ""chi2"": 2.235354820530869, ""delta_vs_Planck_same_model"": -0.1078705044887162, ""delta_vs_scalar"": -6.503249645955332, ""diag_z_rms"": 0.4695278795775274, ""max_abs_white"": 0.9663690912347273, ""model"": ""three_band"", ""n_params"": 3, ""param_A0"": null, ""param_Sigma_eff"": null, ""param_a0"": null, ""param_a1_logL"": null, ""param_a2_logL2"": null, ""param_amp_phi"": null, ""param_high_265_400"": 1.2288282735002636, ""param_low_8_129"": 1.1198411892794091, ""param_mid_130_264"": 0.9990440456765316, ""param_q"": null}, {""_best_by"": ""chi2"", ""amp_max_8_400"": 0.9298777405132408, ""amp_min_8_400"": 0.7578716072177195, ""case"": ""BPB_vanilla"", ""chi2"": 5.042760792159987, ""delta_vs_Planck_same_model"": 2.699535467140401, ""delta_vs_scalar"": -15.489104776707256, ""diag_z_rms"": 0.6993544569452124, ""max_abs_white"": 1.0516945965175994, ""model"": ""three_band"", ""n_params"": 3, ""param_A0"": null, ""param_Sigma_eff"": null, ""param_a0"": null, ""param_a1_logL"": null, ""param_a2_logL2"": null, ""param_amp_phi"": null, ""param_high_265_400"": 0.8714938842501747, ""param_low_8_129"": 0.9298777405132408, ""param_mid_130_264"": 0.7578716072177195, ""param_q"": null}, {""_best_by"": ""chi2"", ""amp_max_8_400"": 1.157194055614126, ""amp_min_8_400"": 0.94538159956279, ""case"": ""Planck_PR4"", ""chi2"": 2.3432253250195854, ""delta_vs_Planck_same_model"": 0.0, ""delta_vs_scalar"": -6.83416031021715, ""diag_z_rms"": 0.4794614604018063, ""max_abs_white"": 0.973520028449547, ""model"": ""three_band"", ""n_params"": 3, ""param_A0"": null, ""param_Sigma_eff"": null, ""param_a0"": null, ""param_a1_logL"": null, ""param_a2_logL2"": null, ""param_amp_phi"": null, ""param_high_265_400"": 1.157194055614126, ""param_low_8_129"": 1.0671146908671196, ""param_mid_130_264"": 0.94538159956279, ""param_q"": null}], ""official_formula_best_by_case"": [{""As_scale"": 0.988, ""H0"": 68.75605125946288, ""_best_by"": ""chi2_amp1"", ""best_Sigma_eff"": 1.0368220676663862, ""best_amp_phi"": 1.0750000000000002, ""best_chi2_lensing"": 8.742460151124908, ""best_loglike"": -4.371230075562454, ""best_resid_rms"": 5.500291974974435e-09, ""case"": ""BPB_C_s_surv0_12F"", ""chi2_amp1"": 16.250657255825594, ""delta_best_chi2_vs_Planck"": -0.4394787188682727, ""delta_chi2_amp1_vs_Planck"": 6.400703304702583, ""loglike_amp1"": -8.125328627912797, ""ns"": 0.982, ""ombh2"": 0.0223619475267763, ""omch2"": 0.1165303183714749, ""omega_m_CMB"": 0.1388922658982513, ""rdrag"": 148.03587656798348, ""resid_rms_amp1"": 9.490202457425796e-09, ""tau"": 0.062, ""theta100"": 1.0416779687327091}, {""As_scale"": 0.988, ""H0"": 68.75605125946288, ""_best_by"": ""chi2_amp1"", ""best_Sigma_eff"": 0.916515138991168, ""best_amp_phi"": 0.8400000000000001, ""best_chi2_lensing"": 20.54451419576416, ""best_loglike"": -10.27225709788208, ""best_resid_rms"": 1.1265971137325684e-08, ""case"": ""BPB_vanilla_control"", ""chi2_amp1"": 71.82612511871059, ""delta_best_chi2_vs_Planck"": 11.36257532577098, ""delta_chi2_amp1_vs_Planck"": 61.97617116758758, ""loglike_amp1"": -35.913062559355296, ""ns"": 0.982, ""ombh2"": 0.0223619475267763, ""omch2"": 0.1464510851116038, ""omega_m_CMB"": 0.1688130326383801, ""rdrag"": 140.65521971978973, ""resid_rms_amp1"": 1.3929128724085102e-08, ""tau"": 0.062, ""theta100"": 1.069899996677403}, {""As_scale"": 0.992, ""H0"": 67.36, ""_best_by"": ""chi2_amp1"", ""best_Sigma_eff"": 1.0099504938362078, ""best_amp_phi"": 1.02, ""best_chi2_lensing"": 9.18193886999318, ""best_loglike"": -4.59096943499659, ""best_resid_rms"": 5.802725366576255e-09, ""case"": ""Planck_PR4_12F"", ""chi2_amp1"": 9.84995395112301, ""delta_best_chi2_vs_Planck"": 0.0, ""delta_chi2_amp1_vs_Planck"": 0.0, ""loglike_amp1"": -4.924976975561505, ""ns"": 0.972, ""ombh2"": 0.02237, ""omch2"": 0.1201, ""omega_m_CMB"": 0.1424699999999999, ""rdrag"": 147.07485420260664, ""resid_rms_amp1"": 6.650502216726538e-09, ""tau"": 0.058, ""theta100"": 1.041282535946614}]}",outputs/cmb_paperIII/paperIII_cmb_claim_source_lock.csv,7cc2ee61f15dde1601628cd215e4487a555ac7a2c717b72b05117696b6c4e662,,,embedded release_index/00_CLAIMS_INDEX.csv from paperV_early_galaxies_v0_3_2_source_ONLY.zip
BPB_MBE_HAL_v1_candidate,Paper_III,v0.4.1,P3.PLANCKLITE.01,P3.PLANCKLITE.01::outputs/cmb_paperIII/paperIII_cmb_claim_source_lock.csv,SOURCE_MATCHED,PLANCK_LITE_PROXY_HIGH_ELL_PLUS_OPTIONAL_LOWELL,"Planck-lite high-ell TTTEEE proxy is usable for shape/amplitude diagnostics: strict face-minus remains in the viable diagnostic family, while vanilla mapping is catastrophic or strongly disfavored when present.","{""base_json"": {""cases"": {""A_vanilla"": {""A_planck_best"": 1.0378024013462797, ""chi2_planck"": 8704.875359039082, ""derived"": {""100theta_star"": 1.069899996677403, ""rdrag"": 140.65521971978973}, ""label"": ""BPB vanilla (ω_m_late)"", ""ombh2"": 0.022361947526776345, ""omch2"": 0.14645108511160382, ""omega_m_CMB"": 0.16881303263838016}, ""C_Zbest"": {""A_planck_best"": 0.9828398436131836, ""chi2_planck"": 871.5934023833373, ""derived"": {""100theta_star"": 1.0412831597411645, ""rdrag"": 148.13471308883493}, ""label"": ""BPB face- Z_best"", ""ombh2"": 0.022361947526776345, ""omch2"": 0.1161643806558958, ""omega_m_CMB"": 0.13852632818267213}, ""C_s_surv0"": {""A_planck_best"": 0.9837697813563658, ""chi2_planck"": 835.5420853091305, ""derived"": {""100theta_star"": 1.0416779687327093, ""rdrag"": 148.03587656798348}, ""label"": ""BPB face- s_surv0"", ""ombh2"": 0.022361947526776345, ""omch2"": 0.11653031837147498, ""omega_m_CMB"": 0.13889226589825132}, ""Planck_PR4"": {""A_planck_best"": 0.989773589272008, ""chi2_planck"": 794.6977532940589, ""derived"": {""100theta_star"": 1.041282535946614, ""rdrag"": 147.07485420260664}, ""label"": ""Planck PR4 best-fit (sanity)"", ""ombh2"": 0.02237, ""omch2"": 0.1201, ""omega_m_CMB"": 0.14246999999999999}}, ""caveat"": ""plik_lite_v22_TTTEEE, C_l convention (raw_cl=True), bweight window functions, A_planck profiled correctly. tau/ns fixed to Planck PR4. H0 fixed to BPB MAP. No low-ell likelihood. Not a full MCMC."", ""deltas"": {""A_minus_sanity"": 7910.177605745023, ""C_minus_A"": -7869.3332737299515, ""C_minus_sanity"": 40.844332015071586, ""Zbest_minus_sanity"": 76.89564908927844}, ""diagnostic"": ""cmb_planck_plik_lite_v22_TTTEEE_v4"", ""source_label"": ""MAP chi2=1782.44"", ""verdict"": ""MARGINAL — Δχ²=40.8 vs Planck best-fit"", ""version"": ""v4_correct_Aplanck_and_windows""}, ""best_highl_lowl_tau"": [{""_best_by"": ""best_total_chi2"", ""best_100theta_star"": 1.0416779687327091, ""best_A_planck"": 1.0012947634081613, ""best_A_prior_chi2"": 0.2682259652981374, ""best_highl_As_scale"": 1.012, ""best_highl_chi2"": 747.5775462736663, ""best_highl_only_chi2"": 744.3789843141037, ""best_highl_tau"": 0.074, ""best_lowE_chi2"": 396.9924261515741, ""best_lowT_chi2"": 20.07514565879489, ""best_lowT_lowE_chi2"": 417.067571810369, ""best_low_As_scale"": 0.98, ""best_low_only_chi2"": 415.96834442390593, ""best_low_tau"": 0.058, ""best_rdrag"": 148.03587656798348, ""best_total_As_scale"": 0.988, ""best_total_chi2"": 1164.6451180840354, ""best_total_tau"": 0.062, ""case"": ""C_s_surv0"", ""delta_best_highl_chi2_vs_Planck"": -17.38680244683917, ""delta_best_lowE_chi2_vs_Planck"": 0.7277803056906009, ""delta_best_lowT_chi2_vs_Planck"": -1.2497773131687495, ""delta_best_lowT_lowE_chi2_vs_Planck"": -0.5219970074781486, ""delta_best_total_chi2_vs_Planck"": -17.908799454317204}, {""_best_by"": ""best_total_chi2"", ""best_100theta_star"": 1.041282535946614, ""best_A_planck"": 0.9998692284378892, ""best_A_prior_chi2"": 0.0027361922331004, ""best_highl_As_scale"": 1.008, ""best_highl_chi2"": 764.9643487205054, ""best_highl_only_chi2"": 763.2380553095369, ""best_highl_tau"": 0.066, ""best_lowE_chi2"": 396.26464584588354, ""best_lowT_chi2"": 21.324922971963645, ""best_lowT_lowE_chi2"": 417.5895688178472, ""best_low_As_scale"": 0.98, ""best_low_only_chi2"": 416.306717626097, ""best_low_tau"": 0.058, ""best_rdrag"": 147.07485420260664, ""best_total_As_scale"": 0.992, ""best_total_chi2"": 1182.5539175383526, ""best_total_tau"": 0.058, ""case"": ""Planck_PR4"", ""delta_best_highl_chi2_vs_Planck"": 0.0, ""delta_best_lowE_chi2_vs_Planck"": 0.0, ""delta_best_lowT_chi2_vs_Planck"": 0.0, ""delta_best_lowT_lowE_chi2_vs_Planck"": 0.0, ""delta_best_total_chi2_vs_Planck"": 0.0}], ""best_ns_As"": [{""_best_by"": ""best_full_chi2"", ""best_A_As_scale"": 0.99, ""best_A_chi2_full"": 8873.848665766687, ""best_A_ns"": 0.982, ""best_A_planck"": 1.0413764190159236, ""best_data_As_scale"": 0.99, ""best_data_chi2_full"": 8851.940268986189, ""best_data_like"": 8542.529386378368, ""best_data_ns"": 0.97, ""best_full_A_planck"": 1.0439751977403045, ""best_full_A_prior"": 309.41088260782044, ""best_full_As_scale"": 0.99, ""best_full_chi2"": 8851.940268986189, ""best_full_data_like"": 8542.529386378368, ""best_full_ns"": 0.97, ""case"": ""A_vanilla"", ""delta_best_full_A_prior_vs_best_Planck"": 309.2571425291179, ""delta_best_full_chi2_vs_best_Planck"": 8086.071104304053, ""delta_best_full_data_like_vs_best_Planck"": 7776.813961774934}, {""_best_by"": ""best_full_chi2"", ""best_A_As_scale"": 0.974, ""best_A_chi2_full"": 777.6205542634924, ""best_A_ns"": 0.98, ""best_A_planck"": 0.9999636123580266, ""best_data_As_scale"": 0.976, ""best_data_chi2_full"": 777.7180405429774, ""best_data_like"": 777.1764972591654, ""best_data_ns"": 0.982, ""best_full_A_planck"": 0.9996634568552502, ""best_full_A_prior"": 0.0181218061244984, ""best_full_As_scale"": 0.974, ""best_full_chi2"": 777.2868275949265, ""best_full_data_like"": 777.268705788802, ""best_full_ns"": 0.982, ""case"": ""C_Zbest"", ""delta_best_full_A_prior_vs_best_Planck"": -0.1356182725780127, ""delta_best_full_chi2_vs_best_Planck"": 11.417662912790092, ""delta_best_full_data_like_vs_best_Planck"": 11.553281185368064}, {""_best_by"": ""best_full_chi2"", ""best_A_As_scale"": 0.976, ""best_A_chi2_full"": 752.431003479369, ""best_A_ns"": 0.976, ""best_A_planck"": 0.9999722693194866, ""best_data_As_scale"": 0.976, ""best_data_chi2_full"": 749.191767798833, ""best_data_like"": 749.0543526618658, ""best_data_ns"": 0.982, ""best_full_A_planck"": 0.9990732613064918, ""best_full_A_prior"": 0.1374151369672555, ""best_full_As_scale"": 0.976, ""best_full_chi2"": 749.191767798833, ""best_full_data_like"": 749.0543526618658, ""best_full_ns"": 0.982, ""case"": ""C_s_surv0"", ""delta_best_full_A_prior_vs_best_Planck"": -0.0163249417352556, ""delta_best_full_chi2_vs_best_Planck"": -16.67739688330346, ""delta_best_full_data_like_vs_best_Planck"": -16.66107194156814}, {""_best_by"": ""best_full_chi2"", ""best_A_As_scale"": 0.984, ""best_A_chi2_full"": 766.7999390365189, ""best_A_ns"": 0.976, ""best_A_planck"": 0.9998821314227988, ""best_data_As_scale"": 0.986, ""best_data_chi2_full"": 765.8691646821364, ""best_data_like"": 765.7154246034339, ""best_data_ns"": 0.972, ""best_full_A_planck"": 0.9990197574321166, ""best_full_A_prior"": 0.1537400787025112, ""best_full_As_scale"": 0.986, ""best_full_chi2"": 765.8691646821364, ""best_full_data_like"": 765.7154246034339, ""best_full_ns"": 0.972, ""case"": ""Planck_PR4"", ""delta_best_full_A_prior_vs_best_Planck"": 0.0, ""delta_best_full_chi2_vs_best_Planck"": 0.0, ""delta_best_full_data_like_vs_best_Planck"": 0.0}], ""best_ns_As_extended"": [{""_best_by"": ""best_full_chi2"", ""best_A_As_scale"": 0.974, ""best_A_chi2_full"": 777.6205542634924, ""best_A_ns"": 0.98, ""best_A_planck"": 0.9999636123580266, ""best_data_As_scale"": 0.976, ""best_data_chi2_full"": 777.7180405429774, ""best_data_like"": 777.1764972591654, ""best_data_ns"": 0.982, ""best_full_A_planck"": 0.9996634568552502, ""best_full_A_prior"": 0.0181218061244984, ""best_full_As_scale"": 0.974, ""best_full_chi2"": 777.2868275949265, ""best_full_data_like"": 777.268705788802, ""best_full_ns"": 0.982, ""case"": ""C_Zbest"", ""delta_best_full_A_prior_vs_best_Planck"": -0.1356182725780127, ""delta_best_full_chi2_vs_best_Planck"": 11.417662912790092, ""delta_best_full_data_like_vs_best_Planck"": 11.553281185368064}, {""_best_by"": ""best_full_chi2"", ""best_A_As_scale"": 0.976, ""best_A_chi2_full"": 752.431003479369, ""best_A_ns"": 0.976, ""best_A_planck"": 0.9999722693194866, ""best_data_As_scale"": 0.976, ""best_data_chi2_full"": 749.191767798833, ""best_data_like"": 749.0543526618658, ""best_data_ns"": 0.982, ""best_full_A_planck"": 0.9990732613064918, ""best_full_A_prior"": 0.1374151369672555, ""best_full_As_scale"": 0.976, ""best_full_chi2"": 749.191767798833, ""best_full_data_like"": 749.0543526618658, ""best_full_ns"": 0.982, ""case"": ""C_s_surv0"", ""delta_best_full_A_prior_vs_best_Planck"": -0.0163249417352556, ""delta_best_full_chi2_vs_best_Planck"": -16.67739688330346, ""delta_best_full_data_like_vs_best_Planck"": -16.66107194156814}, {""_best_by"": ""best_full_chi2"", ""best_A_As_scale"": 0.98, ""best_A_chi2_full"": 817.9448233441906, ""best_A_ns"": 0.994, ""best_A_planck"": 0.9999360765654156, ""best_data_As_scale"": 0.986, ""best_data_chi2_full"": 765.8691646821364, ""best_data_like"": 765.7154246034339, ""best_data_ns"": 0.972, ""best_full_A_planck"": 0.9990197574321166, ""best_full_A_prior"": 0.1537400787025112, ""best_full_As_scale"": 0.986, ""best_full_chi2"": 765.8691646821364, ""best_full_data_like"": 765.7154246034339, ""best_full_ns"": 0.972, ""case"": ""Planck_PR4"", ""delta_best_full_A_prior_vs_best_Planck"": 0.0, ""delta_best_full_chi2_vs_best_Planck"": 0.0, ""delta_best_full_data_like_vs_best_Planck"": 0.0}], ""block_forensic_keys_available"": [""diagnostic"", ""note"", ""settings"", ""results"", ""deltas""]}",outputs/cmb_paperIII/paperIII_cmb_claim_source_lock.csv,7cc2ee61f15dde1601628cd215e4487a555ac7a2c717b72b05117696b6c4e662,,,embedded release_index/00_CLAIMS_INDEX.csv from paperV_early_galaxies_v0_3_2_source_ONLY.zip
BPB_MBE_HAL_v1_candidate,Paper_IV,v0.4.1,P4.D4.01,P4.D4.01::outputs/ns/D4_alpha2NS_C5b_source_lock/D4_alpha2NS_C5b_source_lock_decisions.csv,SOURCE_LOCKED,SOURCE_CANDIDATE,Analytic alpha2_NS plus C5b true-EOS8 portability is locked at source-candidate level.,D4_CLOSED_SOURCE_CANDIDATE_LEVEL; alpha2_NS PASS; EOS8_coverage PASS,outputs/ns/D4_alpha2NS_C5b_source_lock/D4_alpha2NS_C5b_source_lock_decisions.csv,3cca7d0c236e8fb33fc8f64ef316f4a399c22993ee486a4afe6c5e549a2b8257,SOURCE_LOCK,synthetic row from source-lock decision table,embedded release_index/00_CLAIMS_INDEX.csv from paperV_early_galaxies_v0_3_2_source_ONLY.zip
BPB_MBE_HAL_v1_candidate,Paper_IV,v0.4.1,P4.NS.01,P4.NS.01::outputs/ns/ns_strict_global_gate_freeze_source_lock.csv,SOURCE_LOCKED,STRICT_GLOBAL_GATE,Strict-dictionary global neutron-star gate is source-locked across eight EOS checkpoints.,8/8 checkpoint JSON files present under outputs/ns/checkpoints_strict_global_gate,outputs/ns/ns_strict_global_gate_freeze_source_lock.csv,475f418aa8eabe191092041b64c3d3b4eeb941eb1b7bcc0522590303748972fe,SOURCE_LOCK,synthetic row from source-lock decision table,embedded release_index/00_CLAIMS_INDEX.csv from paperV_early_galaxies_v0_3_2_source_ONLY.zip
BPB_MBE_HAL_v1_candidate,Paper_IV,v0.4.1,P4.NS.02,P4.NS.02::outputs/ns/ns_paperIV_1p4_postF_source_lock_decisions.csv,SOURCE_LOCKED,ONE_POINT_FOUR_REFINEMENT,The 1.4 Msun post-F strict effective tidal table is source-locked and negative across all EOS.,EOS coverage PASS_8_OF_8_DONE_BRACKETED; tidal sign PASS_8_OF_8_NEGATIVE,outputs/ns/ns_paperIV_1p4_postF_source_lock_decisions.csv,647a0520b3314284b0ade248cd4470eebf85385a0ee78fb697f8e07843216786,SOURCE_LOCK,synthetic row from source-lock decision table,embedded release_index/00_CLAIMS_INDEX.csv from paperV_early_galaxies_v0_3_2_source_ONLY.zip
BPB_MBE_HAL_v1_candidate,Paper_IV,v0.4.1,P4.NS.03,P4.NS.03::outputs/ns/ns_paperIV_1p4_postF_source_lock_decisions.csv,SOURCE_LOCKED,GUARDRAIL,"The NS source-lock concerns strict effective tidal response only, not a native scalar-tensor Love-number solver.",native_k2_solver=NOT_CLAIMED,outputs/ns/ns_paperIV_1p4_postF_source_lock_decisions.csv,647a0520b3314284b0ade248cd4470eebf85385a0ee78fb697f8e07843216786,GUARDRAIL,synthetic row from source-lock decision table,embedded release_index/00_CLAIMS_INDEX.csv from paperV_early_galaxies_v0_3_2_source_ONLY.zip
BPB_MBE_HAL_CORPUS_FINAL_20260506,Paper_V,v0.3.2,P5.A1.01,P5.A1.01::data/paperV_v0_3_claim_source_lock.csv,SOURCE_LOCKED,RAW_LIKELIHOOD,LCDM remains better in raw UVLF+rho_star likelihood; BPB does not claim raw-likelihood victory.,Delta_chi2_raw_source=+2.3167,sources/paperV_early_galaxies_v0_3_2_source_ONLY.zip::data/paperV_v0_3_claim_source_lock.csv,25de78678b934ac5aacdd1ed90657dd29b9568be75026dac41afd69b6b5b2c45,GUARDRAIL,"Paper V v0.3.2 source package contains v0.3 claim CSV; v0.3.2 hotfix changes wording only, not locks.",paperV_early_galaxies_v0_3_2_source_ONLY.zip
BPB_MBE_HAL_CORPUS_FINAL_20260506,Paper_V,v0.3.2,P5.A1.02,P5.A1.02::data/paperV_v0_3_claim_source_lock.csv,SOURCE_LOCKED,PHYSICAL_PEAK_MAPPER,"BPB and LCDM require nearly the same peak UV magnitude, but BPB places the peak in heavier halos.",host_mass_shift_dex=0.8945; factor=7.844,sources/paperV_early_galaxies_v0_3_2_source_ONLY.zip::data/paperV_v0_3_claim_source_lock.csv,25de78678b934ac5aacdd1ed90657dd29b9568be75026dac41afd69b6b5b2c45,,"Paper V v0.3.2 source package contains v0.3 claim CSV; v0.3.2 hotfix changes wording only, not locks.",paperV_early_galaxies_v0_3_2_source_ONLY.zip
BPB_MBE_HAL_CORPUS_FINAL_20260506,Paper_V,v0.3.2,P5.A1.03,P5.A1.03::data/paperV_v0_3_claim_source_lock.csv,SOURCE_LOCKED,DATA_PLUS_PHYSICALITY,The broad mapper-physicality diagnostic mildly favours BPB after the raw loss is stated separately.,LCDM_data_prior≈17.96; BPB_data_prior=16.0579,sources/paperV_early_galaxies_v0_3_2_source_ONLY.zip::data/paperV_v0_3_claim_source_lock.csv,25de78678b934ac5aacdd1ed90657dd29b9568be75026dac41afd69b6b5b2c45,,"Paper V v0.3.2 source package contains v0.3 claim CSV; v0.3.2 hotfix changes wording only, not locks.",paperV_early_galaxies_v0_3_2_source_ONLY.zip
BPB_MBE_HAL_CORPUS_FINAL_20260506,Paper_V,v0.3.2,P5.A1.04,P5.A1.04::data/paperV_v0_3_claim_source_lock.csv,SOURCE_LOCKED,TAU_PROXY,The v13 physical-peak mapper does not over-ionize in the instantaneous tau proxy.,BPB_tau_best=0.04675; q16/q50/q84=0.04015/0.04395/0.04677; frac_tau_gt_0p09=0,sources/paperV_early_galaxies_v0_3_2_source_ONLY.zip::data/paperV_v0_3_claim_source_lock.csv,25de78678b934ac5aacdd1ed90657dd29b9568be75026dac41afd69b6b5b2c45,GUARDRAIL,"Paper V v0.3.2 source package contains v0.3 claim CSV; v0.3.2 hotfix changes wording only, not locks.",paperV_early_galaxies_v0_3_2_source_ONLY.zip
BPB_MBE_HAL_CORPUS_FINAL_20260506,Paper_V,v0.3.2,P5.A1.05,P5.A1.05::data/paperV_v0_3_claim_source_lock.csv,SOURCE_LOCKED,GUARDRAIL,"Paper V is an early-galaxy gate, not a final Bayesian evidence calculation or full reionization likelihood.",FORBID final evidence / full lowE / full reionization likelihood from this gate alone,sources/paperV_early_galaxies_v0_3_2_source_ONLY.zip::data/paperV_v0_3_claim_source_lock.csv,25de78678b934ac5aacdd1ed90657dd29b9568be75026dac41afd69b6b5b2c45,GUARDRAIL,"Paper V v0.3.2 source package contains v0.3 claim CSV; v0.3.2 hotfix changes wording only, not locks.",paperV_early_galaxies_v0_3_2_source_ONLY.zip
BPB_MBE_HAL_v1_candidate,Paper_VI,v0.2.1,P6.T10.01,P6.T10.01::outputs/paperVI_EG_theory/paperVI_EG_T10_source_lock_final.csv,LATEX_INSERTION_READY,,Paper VI LaTeX insertion pack generated from T9A conditional projected closure.,outputs/paperVI_EG_theory/paperVI_EG_T10_projected_closure_section.tex,outputs/paperVI_EG_theory/paperVI_EG_T10_source_lock_final.csv,114c8b55d7e3238a040716565dba13d895d5f4d3b0e4e083ff86b61b62f5d0a9,CONDITIONAL,,embedded release_index/00_CLAIMS_INDEX.csv from paperV_early_galaxies_v0_3_2_source_ONLY.zip
BPB_MBE_HAL_v1_candidate,Paper_VI,v0.2.1,P6.T10.02,P6.T10.02::outputs/paperVI_EG_theory/paperVI_EG_T10_source_lock_final.csv,TABLE_READY,,Closure values table generated and ready for inclusion.,outputs/paperVI_EG_theory/paperVI_EG_T10_closure_values_table.tex,outputs/paperVI_EG_theory/paperVI_EG_T10_source_lock_final.csv,114c8b55d7e3238a040716565dba13d895d5f4d3b0e4e083ff86b61b62f5d0a9,,,embedded release_index/00_CLAIMS_INDEX.csv from paperV_early_galaxies_v0_3_2_source_ONLY.zip
BPB_MBE_HAL_v1_candidate,Paper_VI,v0.2.1,P6.T10B.01,P6.T10B.01::outputs/paperVI_EG_theory/paperVI_EG_T10b_source_lock_final.csv,SOURCE_MATCHED_CONDITIONAL_DERIVATION,,Density-weighted two-sector mixing gives r_Wdelta=sqrt(a_bg) if tan^2(theta_W)=rho_f_eff/rho_g_eff.,outputs/paperVI_EG_theory/paperVI_EG_T9D_density_weighted_mixing_closure.md/csv,outputs/paperVI_EG_theory/paperVI_EG_T10b_source_lock_final.csv,ac06b9f68d6df491d9ca31cc678dca5507e78dcebd3d27b1100061376a00736e,,,embedded release_index/00_CLAIMS_INDEX.csv from paperV_early_galaxies_v0_3_2_source_ONLY.zip
BPB_MBE_HAL_v1_candidate,Paper_VI,v0.2.1,P6.T10B.02,P6.T10B.02::outputs/paperVI_EG_theory/paperVI_EG_T10b_source_lock_final.csv,NON_CIRCULARITY_LOCKED_AT_DIAGNOSTIC_LEVEL,,a_bg is inherited from the BPB background dictionary and not fitted to E_G.,outputs/paperVI_EG_theory/paperVI_EG_T9D_density_weighted_mixing_closure.md,outputs/paperVI_EG_theory/paperVI_EG_T10b_source_lock_final.csv,ac06b9f68d6df491d9ca31cc678dca5507e78dcebd3d27b1100061376a00736e,GUARDRAIL,,embedded release_index/00_CLAIMS_INDEX.csv from paperV_early_galaxies_v0_3_2_source_ONLY.zip
BPB_MBE_HAL_v1_candidate,Paper_VI,v0.2.1,P6.T10B.03,P6.T10B.03::outputs/paperVI_EG_theory/paperVI_EG_T10b_source_lock_final.csv,SOURCE_MATCHED_PROJECTED_DIAGNOSTIC,,E_G auto/cross amplitude space verifies r_global^2 close to a_bg with negligible fixed-free penalty.,outputs/paperVI_EG_theory/paperVI_EG_T8_auto_cross_amplitude_space.md/csv,outputs/paperVI_EG_theory/paperVI_EG_T10b_source_lock_final.csv,ac06b9f68d6df491d9ca31cc678dca5507e78dcebd3d27b1100061376a00736e,,,embedded release_index/00_CLAIMS_INDEX.csv from paperV_early_galaxies_v0_3_2_source_ONLY.zip
BPB_MBE_HAL_v1_candidate,Paper_VI,v0.2.1,P6.T10B.04,P6.T10B.04::outputs/paperVI_EG_theory/paperVI_EG_T10b_source_lock_final.csv,OPEN_GUARDRAIL_LOCKED,,Internal source-match did not close D2: tan^2(theta_W)=rho_f_eff/rho_g_eff remains a labelled guardrail.,outputs/paperVI_EG_theory/paperVI_EG_T9E_source_match_density_weighted_mixing.md/csv,outputs/paperVI_EG_theory/paperVI_EG_T10b_source_lock_final.csv,ac06b9f68d6df491d9ca31cc678dca5507e78dcebd3d27b1100061376a00736e,GUARDRAIL,,embedded release_index/00_CLAIMS_INDEX.csv from paperV_early_galaxies_v0_3_2_source_ONLY.zip
BPB_MBE_HAL_v1_candidate,Paper_VI,v0.2.1,P6.T10B.05,P6.T10B.05::outputs/paperVI_EG_theory/paperVI_EG_T10b_source_lock_final.csv,LATEX_INSERTION_READY,,LaTeX v0.2 insertion pack generated for Paper VI.,outputs/paperVI_EG_theory/paperVI_EG_T10b_density_weighted_closure_section.tex,outputs/paperVI_EG_theory/paperVI_EG_T10b_source_lock_final.csv,ac06b9f68d6df491d9ca31cc678dca5507e78dcebd3d27b1100061376a00736e,,,embedded release_index/00_CLAIMS_INDEX.csv from paperV_early_galaxies_v0_3_2_source_ONLY.zip
BPB_MBE_HAL_v1_candidate,Paper_VI,v0.2.1,P6.T9A.01,P6.T9A.01::outputs/paperVI_EG_theory/paperVI_EG_T10_source_lock_final.csv,SOURCE_MATCHED,,Free r_Wdelta is replaced by sqrt(a_bg) with negligible chi2 penalty.,paperVI_EG_T1_rWdelta_sqrt_abg_gate.json/csv,outputs/paperVI_EG_theory/paperVI_EG_T10_source_lock_final.csv,114c8b55d7e3238a040716565dba13d895d5f4d3b0e4e083ff86b61b62f5d0a9,,,embedded release_index/00_CLAIMS_INDEX.csv from paperV_early_galaxies_v0_3_2_source_ONLY.zip
BPB_MBE_HAL_v1_candidate,Paper_VI,v0.2.1,P6.T9A.01,P6.T9A.01::outputs/paperVI_EG_theory/paperVI_EG_T9A_source_lock.csv,SOURCE_MATCHED,,Free r_Wdelta is replaced by sqrt(a_bg) with negligible chi2 penalty.,paperVI_EG_T1_rWdelta_sqrt_abg_gate.json/csv,outputs/paperVI_EG_theory/paperVI_EG_T9A_source_lock.csv,a0a74fd7f6ef88edc54a27cad734d519c8c1676b37bbf19cd90e29c1872b6057,,,embedded release_index/00_CLAIMS_INDEX.csv from paperV_early_galaxies_v0_3_2_source_ONLY.zip
BPB_MBE_HAL_v1_candidate,Paper_VI,v0.2.1,P6.T9A.02,P6.T9A.02::outputs/paperVI_EG_theory/paperVI_EG_T10_source_lock_final.csv,SOURCE_MATCHED_CONDITIONAL_THEOREM,,Projection theorem gives r_Wdelta=sqrt(a_bg) under a two-mode orthogonal Weyl split.,paperVI_EG_T2_weyl_projection_theorem.md/json,outputs/paperVI_EG_theory/paperVI_EG_T10_source_lock_final.csv,114c8b55d7e3238a040716565dba13d895d5f4d3b0e4e083ff86b61b62f5d0a9,,,embedded release_index/00_CLAIMS_INDEX.csv from paperV_early_galaxies_v0_3_2_source_ONLY.zip
BPB_MBE_HAL_v1_candidate,Paper_VI,v0.2.1,P6.T9A.02,P6.T9A.02::outputs/paperVI_EG_theory/paperVI_EG_T9A_source_lock.csv,SOURCE_MATCHED_CONDITIONAL_THEOREM,,Projection theorem gives r_Wdelta=sqrt(a_bg) under a two-mode orthogonal Weyl split.,paperVI_EG_T2_weyl_projection_theorem.md/json,outputs/paperVI_EG_theory/paperVI_EG_T9A_source_lock.csv,a0a74fd7f6ef88edc54a27cad734d519c8c1676b37bbf19cd90e29c1872b6057,,,embedded release_index/00_CLAIMS_INDEX.csv from paperV_early_galaxies_v0_3_2_source_ONLY.zip
BPB_MBE_HAL_v1_candidate,Paper_VI,v0.2.1,P6.T9A.03,P6.T9A.03::outputs/paperVI_EG_theory/paperVI_EG_T10_source_lock_final.csv,SOURCE_MATCHED_REDUCTION_LEMMA,,A4 is equivalent to the projected mixing angle identity cos^2(theta_W)=a_bg.,paperVI_EG_T3_A4_overlap_reduction.md/json,outputs/paperVI_EG_theory/paperVI_EG_T10_source_lock_final.csv,114c8b55d7e3238a040716565dba13d895d5f4d3b0e4e083ff86b61b62f5d0a9,,,embedded release_index/00_CLAIMS_INDEX.csv from paperV_early_galaxies_v0_3_2_source_ONLY.zip
BPB_MBE_HAL_v1_candidate,Paper_VI,v0.2.1,P6.T9A.03,P6.T9A.03::outputs/paperVI_EG_theory/paperVI_EG_T9A_source_lock.csv,SOURCE_MATCHED_REDUCTION_LEMMA,,A4 is equivalent to the projected mixing angle identity cos^2(theta_W)=a_bg.,paperVI_EG_T3_A4_overlap_reduction.md/json,outputs/paperVI_EG_theory/paperVI_EG_T9A_source_lock.csv,a0a74fd7f6ef88edc54a27cad734d519c8c1676b37bbf19cd90e29c1872b6057,,,embedded release_index/00_CLAIMS_INDEX.csv from paperV_early_galaxies_v0_3_2_source_ONLY.zip
BPB_MBE_HAL_v1_candidate,Paper_VI,v0.2.1,P6.T9A.04,P6.T9A.04::outputs/paperVI_EG_theory/paperVI_EG_T10_source_lock_final.csv,SOURCE_MATCHED_OBSTRUCTION,,Wenzl shape space is nearly one-dimensional and must not be used as A4 proof.,paperVI_EG_T7_collinearity_obstruction.md/csv,outputs/paperVI_EG_theory/paperVI_EG_T10_source_lock_final.csv,114c8b55d7e3238a040716565dba13d895d5f4d3b0e4e083ff86b61b62f5d0a9,GUARDRAIL,,embedded release_index/00_CLAIMS_INDEX.csv from paperV_early_galaxies_v0_3_2_source_ONLY.zip
BPB_MBE_HAL_v1_candidate,Paper_VI,v0.2.1,P6.T9A.04,P6.T9A.04::outputs/paperVI_EG_theory/paperVI_EG_T9A_source_lock.csv,SOURCE_MATCHED_OBSTRUCTION,,Wenzl shape space is nearly one-dimensional and must not be used as A4 proof.,paperVI_EG_T7_collinearity_obstruction.md/csv,outputs/paperVI_EG_theory/paperVI_EG_T9A_source_lock.csv,a0a74fd7f6ef88edc54a27cad734d519c8c1676b37bbf19cd90e29c1872b6057,GUARDRAIL,,embedded release_index/00_CLAIMS_INDEX.csv from paperV_early_galaxies_v0_3_2_source_ONLY.zip
BPB_MBE_HAL_v1_candidate,Paper_VI,v0.2.1,P6.T9A.05,P6.T9A.05::outputs/paperVI_EG_theory/paperVI_EG_T10_source_lock_final.csv,SOURCE_MATCHED_PROJECTED_DIAGNOSTIC_CLOSURE,,"Auto/cross amplitude space gives <X,X>/<A,A>=r_global^2 close to a_bg.",paperVI_EG_T8_auto_cross_amplitude_space.md/csv,outputs/paperVI_EG_theory/paperVI_EG_T10_source_lock_final.csv,114c8b55d7e3238a040716565dba13d895d5f4d3b0e4e083ff86b61b62f5d0a9,,,embedded release_index/00_CLAIMS_INDEX.csv from paperV_early_galaxies_v0_3_2_source_ONLY.zip
BPB_MBE_HAL_v1_candidate,Paper_VI,v0.2.1,P6.T9A.05,P6.T9A.05::outputs/paperVI_EG_theory/paperVI_EG_T9A_source_lock.csv,SOURCE_MATCHED_PROJECTED_DIAGNOSTIC_CLOSURE,,"Auto/cross amplitude space gives <X,X>/<A,A>=r_global^2 close to a_bg.",paperVI_EG_T8_auto_cross_amplitude_space.md/csv,outputs/paperVI_EG_theory/paperVI_EG_T9A_source_lock.csv,a0a74fd7f6ef88edc54a27cad734d519c8c1676b37bbf19cd90e29c1872b6057,,,embedded release_index/00_CLAIMS_INDEX.csv from paperV_early_galaxies_v0_3_2_source_ONLY.zip
BPB_MBE_HAL_v1_candidate,Paper_VI,v0.2.1,P6.T9A.06,P6.T9A.06::outputs/paperVI_EG_theory/paperVI_EG_T10_source_lock_final.csv,OPEN_ITEM_LOCKED,,Action-level HR/BPB projector derivation remains open.,paperVI_EG_T4_projector_inventory.md/csv and T8 decisions,outputs/paperVI_EG_theory/paperVI_EG_T10_source_lock_final.csv,114c8b55d7e3238a040716565dba13d895d5f4d3b0e4e083ff86b61b62f5d0a9,,,embedded release_index/00_CLAIMS_INDEX.csv from paperV_early_galaxies_v0_3_2_source_ONLY.zip
BPB_MBE_HAL_v1_candidate,Paper_VI,v0.2.1,P6.T9A.06,P6.T9A.06::outputs/paperVI_EG_theory/paperVI_EG_T9A_source_lock.csv,OPEN_ITEM_LOCKED,,Action-level HR/BPB projector derivation remains open.,paperVI_EG_T4_projector_inventory.md/csv and T8 decisions,outputs/paperVI_EG_theory/paperVI_EG_T9A_source_lock.csv,a0a74fd7f6ef88edc54a27cad734d519c8c1676b37bbf19cd90e29c1872b6057,,,embedded release_index/00_CLAIMS_INDEX.csv from paperV_early_galaxies_v0_3_2_source_ONLY.zip
BPB_MBE_HAL_v1_candidate,Paper_VI,v0.2.1,P6.T9D.01,P6.T9D.01::outputs/paperVI_EG_theory/paperVI_EG_T9D_source_lock.csv,CANDIDATE_SOURCE_MATCH_DENSITY_WEIGHT_ASSUMPTION_TO_VALIDATE,,Density-weighted two-sector mixing gives tan^2(theta_W)=(1-a_bg)/a_bg.,T9D derivation steps D1-D3; BPB background a_bg from T1/T3 values,outputs/paperVI_EG_theory/paperVI_EG_T9D_source_lock.csv,61e55458ce380e95a1a65396713ed04dbaf12fc69a0ac9e5a9f5ad37cf3c481f,,,embedded release_index/00_CLAIMS_INDEX.csv from paperV_early_galaxies_v0_3_2_source_ONLY.zip
BPB_MBE_HAL_v1_candidate,Paper_VI,v0.2.1,P6.T9D.02,P6.T9D.02::outputs/paperVI_EG_theory/paperVI_EG_T9D_source_lock.csv,ALGEBRAICALLY_VERIFIED,,The above implies cos^2(theta_W)=a_bg and r_Wdelta=sqrt(a_bg).,paperVI_EG_T9D_key_values.csv and derivation D4-D5,outputs/paperVI_EG_theory/paperVI_EG_T9D_source_lock.csv,61e55458ce380e95a1a65396713ed04dbaf12fc69a0ac9e5a9f5ad37cf3c481f,,,embedded release_index/00_CLAIMS_INDEX.csv from paperV_early_galaxies_v0_3_2_source_ONLY.zip
BPB_MBE_HAL_v1_candidate,Paper_VI,v0.2.1,P6.T9D.03,P6.T9D.03::outputs/paperVI_EG_theory/paperVI_EG_T9D_source_lock.csv,NON_CIRCULARITY_ARGUMENT_LOCKED,,"The closure is non-circular with respect to E_G because a_bg comes from the background solver, not the E_G/r_Wdelta fit.",T1/T9A source lock and Paper I/Paper 0 background dictionary,outputs/paperVI_EG_theory/paperVI_EG_T9D_source_lock.csv,61e55458ce380e95a1a65396713ed04dbaf12fc69a0ac9e5a9f5ad37cf3c481f,GUARDRAIL,,embedded release_index/00_CLAIMS_INDEX.csv from paperV_early_galaxies_v0_3_2_source_ONLY.zip
BPB_MBE_HAL_v1_candidate,Paper_VI,v0.2.1,P6.T9D.04,P6.T9D.04::outputs/paperVI_EG_theory/paperVI_EG_T9D_source_lock.csv,SOURCE_MATCHED_PROJECTED_DIAGNOSTIC_SUPPORT,,Auto/cross amplitude diagnostic verifies the closure at percent level with negligible free-r penalty.,paperVI_EG_T8_auto_cross_amplitude_space.md/csv and T1 summary,outputs/paperVI_EG_theory/paperVI_EG_T9D_source_lock.csv,61e55458ce380e95a1a65396713ed04dbaf12fc69a0ac9e5a9f5ad37cf3c481f,,,embedded release_index/00_CLAIMS_INDEX.csv from paperV_early_galaxies_v0_3_2_source_ONLY.zip
BPB_MBE_HAL_v1_candidate,Paper_VI,v0.2.1,P6.T9D.05,P6.T9D.05::outputs/paperVI_EG_theory/paperVI_EG_T9D_source_lock.csv,OPEN_ITEM_LOCKED,,Full action-level proof still requires source-matching D2 in the explicit HR/BPB perturbation equations and conventions.,T9B/T9C decisions; T9D guardrails,outputs/paperVI_EG_theory/paperVI_EG_T9D_source_lock.csv,61e55458ce380e95a1a65396713ed04dbaf12fc69a0ac9e5a9f5ad37cf3c481f,,,embedded release_index/00_CLAIMS_INDEX.csv from paperV_early_galaxies_v0_3_2_source_ONLY.zip
BPB_MBE_HAL_v1_candidate,Paper_VII,v0.3,P7.A1.01,P7.A1.01::outputs/paperVII/paperVII_P7A1_claim_source_lock.csv,SOURCE_LOCKED,NUMERIC_IDENTITY,The Paper-VII acceleration scale is a0 = c H0 (1 - s_surv0).,a0_primary=1.367856592595e-10 m/s2,outputs/paperVII/paperVII_P7A1_claim_source_lock.csv,a935f996fc9d5bfd0fe9d94a6e97a6e9429644566c50fe2d53d7fe663f56357a,,,embedded release_index/00_CLAIMS_INDEX.csv from paperV_early_galaxies_v0_3_2_source_ONLY.zip
BPB_MBE_HAL_v1_candidate,Paper_VII,v0.3,P7.A1.02,P7.A1.02::outputs/paperVII/paperVII_P7A1_claim_source_lock.csv,SOURCE_LOCKED,CONSTANT_LOCK,The exact survival factor used by Paper VII is the Paper-0 YAML lock.,s_surv0=0.7956924397708606; 1-s0=0.2043075602291394,outputs/paperVII/paperVII_P7A1_claim_source_lock.csv,a935f996fc9d5bfd0fe9d94a6e97a6e9429644566c50fe2d53d7fe663f56357a,,,embedded release_index/00_CLAIMS_INDEX.csv from paperV_early_galaxies_v0_3_2_source_ONLY.zip
BPB_MBE_HAL_v1_candidate,Paper_VII,v0.3,P7.A1.03,P7.A1.03::outputs/paperVII/paperVII_P7A1_claim_source_lock.csv,SOURCE_LOCKED,ANCHOR_STABILITY,Using the Paper-II D7 CMB-background H0 changes a0 only at sub-percent level.,relative_delta=-0.224261 percent,outputs/paperVII/paperVII_P7A1_claim_source_lock.csv,a935f996fc9d5bfd0fe9d94a6e97a6e9429644566c50fe2d53d7fe663f56357a,,,embedded release_index/00_CLAIMS_INDEX.csv from paperV_early_galaxies_v0_3_2_source_ONLY.zip
BPB_MBE_HAL_v1_candidate,Paper_VII,v0.3,P7.A1.04,P7.A1.04::outputs/paperVII/paperVII_P7A1_claim_source_lock.csv,SOURCE_LOCKED,GUARDRAIL,P7-A1 locks the acceleration scale only; it is not yet a BTFR fit or likelihood.,PASS_NUMERIC_A0_LOCK,outputs/paperVII/paperVII_P7A1_claim_source_lock.csv,a935f996fc9d5bfd0fe9d94a6e97a6e9429644566c50fe2d53d7fe663f56357a,GUARDRAIL,,embedded release_index/00_CLAIMS_INDEX.csv from paperV_early_galaxies_v0_3_2_source_ONLY.zip
BPB_MBE_HAL_v1_candidate,Paper_VII,v0.3,P7.A2D2.01,P7.A2D2.01::outputs/paperVII/paperVII_P7A2D2_claim_source_lock.csv,SOURCE_LOCKED,THERMAL_IDENTITY,The Gibbons-Hawking plus Unruh bridge reproduces a0 = c H0 (1 - s_surv0).,a0_from_Teff=1.367856592595e-10; residual=-2.585e-26,outputs/paperVII/paperVII_P7A2D2_claim_source_lock.csv,8f30a9c9f0946d8b4e4552071655f860e8019a5c91a96d9dcc42e159210c08a8,,,embedded release_index/00_CLAIMS_INDEX.csv from paperV_early_galaxies_v0_3_2_source_ONLY.zip
BPB_MBE_HAL_v1_candidate,Paper_VII,v0.3,P7.A2D2.02,P7.A2D2.02::outputs/paperVII/paperVII_P7A2D2_claim_source_lock.csv,SOURCE_LOCKED,D2_CONDITIONAL_BRIDGE,"The thermal bridge uses the D2 H1-H4 conditional mapping, not an unconditional action-level proof.",D2_CONDITIONAL_FORMAL_CLOSURE_UNDER_H1_H4,outputs/paperVII/paperVII_P7A2D2_claim_source_lock.csv,8f30a9c9f0946d8b4e4552071655f860e8019a5c91a96d9dcc42e159210c08a8,GUARDRAIL,,embedded release_index/00_CLAIMS_INDEX.csv from paperV_early_galaxies_v0_3_2_source_ONLY.zip
BPB_MBE_HAL_v1_candidate,Paper_VII,v0.3,P7.A2D2.03,P7.A2D2.03::outputs/paperVII/paperVII_P7A2D2_claim_source_lock.csv,SOURCE_LOCKED,THERMAL_WEIGHT,The effective temperature is weighted by the same survival deficit used in P7-A1.,thermal_weight=1-s0=0.204307560229139,outputs/paperVII/paperVII_P7A2D2_claim_source_lock.csv,8f30a9c9f0946d8b4e4552071655f860e8019a5c91a96d9dcc42e159210c08a8,,,embedded release_index/00_CLAIMS_INDEX.csv from paperV_early_galaxies_v0_3_2_source_ONLY.zip
BPB_MBE_HAL_v1_candidate,Paper_VII,v0.3,P7.A2D2.04,P7.A2D2.04::outputs/paperVII/paperVII_P7A2D2_claim_source_lock.csv,SOURCE_LOCKED,GUARDRAIL,P7-A2D2 is not yet a BTFR likelihood or MOND interpolation-function fit.,PASS_NUMERIC_THERMAL_BRIDGE_CONDITIONAL_D2,outputs/paperVII/paperVII_P7A2D2_claim_source_lock.csv,8f30a9c9f0946d8b4e4552071655f860e8019a5c91a96d9dcc42e159210c08a8,GUARDRAIL,,embedded release_index/00_CLAIMS_INDEX.csv from paperV_early_galaxies_v0_3_2_source_ONLY.zip
BPB_MBE_HAL_v1_candidate,Paper_VII,v0.3,P7.A2D2B.01,P7.A2D2B.01::outputs/paperVII/paperVII_P7A2D2b_claim_source_lock.csv,SOURCE_LOCKED,D2_PROVENANCE,P7-A2D2 uses the Paper-0 D2 a0 closure source-lock bundle.,D2_audit_complete.py; D2_closure_note.md; paper0_D2_a0_closure_source_lock.md; D2_audit_run.log; appendix_J_D2_a0_closure.tex,outputs/paperVII/paperVII_P7A2D2b_claim_source_lock.csv,37694dd0b3229e36006910b7b071d7b5a807941cf4b98164c22927ff23d0f6fd,,,embedded release_index/00_CLAIMS_INDEX.csv from paperV_early_galaxies_v0_3_2_source_ONLY.zip
BPB_MBE_HAL_v1_candidate,Paper_VII,v0.3,P7.A2D2B.02,P7.A2D2B.02::outputs/paperVII/paperVII_P7A2D2b_claim_source_lock.csv,SOURCE_LOCKED,GUARDRAIL,The D2 bridge remains conditional under H1-H4.,CONDITIONAL_H1_H4_RECORDED,outputs/paperVII/paperVII_P7A2D2b_claim_source_lock.csv,37694dd0b3229e36006910b7b071d7b5a807941cf4b98164c22927ff23d0f6fd,GUARDRAIL,,embedded release_index/00_CLAIMS_INDEX.csv from paperV_early_galaxies_v0_3_2_source_ONLY.zip
BPB_MBE_HAL_v1_candidate,Paper_VII,v0.3,P7.A2D2B.03,P7.A2D2B.03::outputs/paperVII/paperVII_P7A2D2b_claim_source_lock.csv,SOURCE_LOCKED,DOWNSTREAM_LINK,The D2 source bundle is linked to the P7-A2D2 thermal a0 bridge.,P7A2D2_THERMAL_BRIDGE_PASS_CONDITIONAL_D2,outputs/paperVII/paperVII_P7A2D2b_claim_source_lock.csv,37694dd0b3229e36006910b7b071d7b5a807941cf4b98164c22927ff23d0f6fd,,,embedded release_index/00_CLAIMS_INDEX.csv from paperV_early_galaxies_v0_3_2_source_ONLY.zip
BPB_MBE_HAL_v1_candidate,Paper_VII,v0.3,P7.A3.01,P7.A3.01::outputs/paperVII/paperVII_P7A3_claim_source_lock.csv,SOURCE_LOCKED,BTFR_NORMALIZATION,BPB a0 predicts the SPARC BTFR zero point without fitting a0.,logM100_BPB=9.741034665243; median_resid=-0.056008 dex,outputs/paperVII/paperVII_P7A3_claim_source_lock.csv,cd76aaaeead0e518456a3ce59b5b13ca346c65b558dad3696eb178e9478bbcc8,,,embedded release_index/00_CLAIMS_INDEX.csv from paperV_early_galaxies_v0_3_2_source_ONLY.zip
BPB_MBE_HAL_v1_candidate,Paper_VII,v0.3,P7.A3.02,P7.A3.02::outputs/paperVII/paperVII_P7A3_claim_source_lock.csv,SOURCE_LOCKED,SCATTER_GUARDRAIL,The fixed-a0 residual scatter is recorded; this is not a full hierarchical likelihood.,rms=0.295494 dex; std=0.292839 dex,outputs/paperVII/paperVII_P7A3_claim_source_lock.csv,cd76aaaeead0e518456a3ce59b5b13ca346c65b558dad3696eb178e9478bbcc8,GUARDRAIL,,embedded release_index/00_CLAIMS_INDEX.csv from paperV_early_galaxies_v0_3_2_source_ONLY.zip
BPB_MBE_HAL_v1_candidate,Paper_VII,v0.3,P7.A3.03,P7.A3.03::outputs/paperVII/paperVII_P7A3_claim_source_lock.csv,SOURCE_LOCKED,ACTIVE_SAMPLE_CROSSCHECK,Paper-II active SPARC subset is checked.,n=38; median=-0.082524; rms=0.219940,outputs/paperVII/paperVII_P7A3_claim_source_lock.csv,cd76aaaeead0e518456a3ce59b5b13ca346c65b558dad3696eb178e9478bbcc8,,,embedded release_index/00_CLAIMS_INDEX.csv from paperV_early_galaxies_v0_3_2_source_ONLY.zip
BPB_MBE_HAL_v1_candidate,Paper_VII,v0.3,P7.A3.04,P7.A3.04::outputs/paperVII/paperVII_P7A3_claim_source_lock.csv,SOURCE_LOCKED,GUARDRAIL,P7-A3 is not a MOND interpolation-function or full RC likelihood closure.,PASS_BTFR_NORMALIZATION_NOT_FULL_LIKELIHOOD,outputs/paperVII/paperVII_P7A3_claim_source_lock.csv,cd76aaaeead0e518456a3ce59b5b13ca346c65b558dad3696eb178e9478bbcc8,GUARDRAIL,,embedded release_index/00_CLAIMS_INDEX.csv from paperV_early_galaxies_v0_3_2_source_ONLY.zip
BPB_MBE_HAL_v1_candidate,Paper_VII,v0.3,P7.A4.01,P7.A4.01::outputs/paperVII/paperVII_P7A4_claim_source_lock.csv,SOURCE_LOCKED,LIKELIHOOD_NORMALIZATION,The fixed BPB a0 BTFR model passes a minimal intrinsic-scatter Gaussian likelihood gate.,sigma=0.295494 dex; AIC=49.160523; BIC=51.931207,outputs/paperVII/paperVII_P7A4_claim_source_lock.csv,a2b5cd580482c52c8a74f20c23c69cda9d700fec2e25999106100cd61e58028b,,,embedded release_index/00_CLAIMS_INDEX.csv from paperV_early_galaxies_v0_3_2_source_ONLY.zip
BPB_MBE_HAL_v1_candidate,Paper_VII,v0.3,P7.A4.02,P7.A4.02::outputs/paperVII/paperVII_P7A4_claim_source_lock.csv,SOURCE_LOCKED,OFFSET_TEST,A free slope-4 intercept is not required at the normalization level under the BIC guardrail.,alpha_free-alpha_BPB=-0.047842 dex; dBIC=1.636212,outputs/paperVII/paperVII_P7A4_claim_source_lock.csv,a2b5cd580482c52c8a74f20c23c69cda9d700fec2e25999106100cd61e58028b,GUARDRAIL,,embedded release_index/00_CLAIMS_INDEX.csv from paperV_early_galaxies_v0_3_2_source_ONLY.zip
BPB_MBE_HAL_v1_candidate,Paper_VII,v0.3,P7.A4.03,P7.A4.03::outputs/paperVII/paperVII_P7A4_claim_source_lock.csv,SOURCE_LOCKED,SLOPE_GUARDRAIL,P7-A4 does not claim full BTFR slope/interpolation closure if the free-slope model is preferred.,free_slope=3.374908; dAIC=-30.958036; dBIC=-25.416666,outputs/paperVII/paperVII_P7A4_claim_source_lock.csv,a2b5cd580482c52c8a74f20c23c69cda9d700fec2e25999106100cd61e58028b,GUARDRAIL,,embedded release_index/00_CLAIMS_INDEX.csv from paperV_early_galaxies_v0_3_2_source_ONLY.zip
BPB_MBE_HAL_v1_candidate,Paper_VII,v0.3,P7.A4.04,P7.A4.04::outputs/paperVII/paperVII_P7A4_claim_source_lock.csv,SOURCE_LOCKED,GUARDRAIL,"P7-A4 is a simple BTFR likelihood gate, not a full SPARC rotation-curve or MOND interpolation-function closure.",PASS_FIXED_A0_NORMALIZATION_NOT_FULL_SLOPE_CLOSURE,outputs/paperVII/paperVII_P7A4_claim_source_lock.csv,a2b5cd580482c52c8a74f20c23c69cda9d700fec2e25999106100cd61e58028b,GUARDRAIL,,embedded release_index/00_CLAIMS_INDEX.csv from paperV_early_galaxies_v0_3_2_source_ONLY.zip
BPB_MBE_HAL_v1_candidate,Paper_VII,v0.3,P7.A5.01,P7.A5.01::outputs/paperVII/paperVII_P7A5_claim_source_lock.csv,SOURCE_LOCKED,RAW_BARYONIC_RC,Fixed BPB a0 plus the RAR interpolation improves point-level SPARC baryonic RCs over baryon-only Newtonian curves.,primary frac_improvement=0.911207525795; chi2=155530.570678,outputs/paperVII/paperVII_P7A5_claim_source_lock.csv,2c5c31c7bb6a26c67aef295932ba7ec5ad0671284014593adde5766a1e33b770,,,embedded release_index/00_CLAIMS_INDEX.csv from paperV_early_galaxies_v0_3_2_source_ONLY.zip
BPB_MBE_HAL_v1_candidate,Paper_VII,v0.3,P7.A5.02,P7.A5.02::outputs/paperVII/paperVII_P7A5_claim_source_lock.csv,SOURCE_LOCKED,ACTIVE_CROSSCHECK,The Paper-II active38 subset also passes the raw interpolation cross-check.,active frac_improvement=0.894336858780; chi2=27949.675891,outputs/paperVII/paperVII_P7A5_claim_source_lock.csv,2c5c31c7bb6a26c67aef295932ba7ec5ad0671284014593adde5766a1e33b770,,,embedded release_index/00_CLAIMS_INDEX.csv from paperV_early_galaxies_v0_3_2_source_ONLY.zip
BPB_MBE_HAL_v1_candidate,Paper_VII,v0.3,P7.A5.03,P7.A5.03::outputs/paperVII/paperVII_P7A5_claim_source_lock.csv,SOURCE_LOCKED,A0_ANCHOR,The fixed BPB a0 is close to the raw-RC best global RAR a0 scale at diagnostic level.,best_a0_ratio=0.891250938134; delta_chi2_fixed_minus_best=5584.117165,outputs/paperVII/paperVII_P7A5_claim_source_lock.csv,2c5c31c7bb6a26c67aef295932ba7ec5ad0671284014593adde5766a1e33b770,,,embedded release_index/00_CLAIMS_INDEX.csv from paperV_early_galaxies_v0_3_2_source_ONLY.zip
BPB_MBE_HAL_v1_candidate,Paper_VII,v0.3,P7.A5.04,P7.A5.04::outputs/paperVII/paperVII_P7A5_claim_source_lock.csv,SOURCE_LOCKED,GUARDRAIL,"P7-A5 is not a full SPARC RC likelihood and does not profile distance, inclination, M/L, gas systematics, external-field effects, or interpolation-family freedom.",PASS_INTERPOLATION_SHAPE_NOT_FULL_RC_LIKELIHOOD,outputs/paperVII/paperVII_P7A5_claim_source_lock.csv,2c5c31c7bb6a26c67aef295932ba7ec5ad0671284014593adde5766a1e33b770,GUARDRAIL,,embedded release_index/00_CLAIMS_INDEX.csv from paperV_early_galaxies_v0_3_2_source_ONLY.zip
BPB_MBE_HAL_v1_candidate,Paper_VII,v0.3,P7.A6.01,P7.A6.01::outputs/paperVII/paperVII_P7A6_claim_source_lock.csv,SOURCE_LOCKED,NUISANCE_PROFILE,Global Ydisk/Ybul/a0 profiling keeps the RAR acceleration scale close to BPB a0.,primary a0/a0_BPB=0.809593297521; Ydisk=0.525; Ybul=0.800,outputs/paperVII/paperVII_P7A6_claim_source_lock.csv,1cfbc75f1d6f774298fcb20738de5cdb2c3d282628e3c6fc5c18c3742258fecb,,,embedded release_index/00_CLAIMS_INDEX.csv from paperV_early_galaxies_v0_3_2_source_ONLY.zip
BPB_MBE_HAL_v1_candidate,Paper_VII,v0.3,P7.A6.02,P7.A6.02::outputs/paperVII/paperVII_P7A6_claim_source_lock.csv,SOURCE_LOCKED,A0_ANCHOR,The fixed BPB a0 penalty relative to the profiled global RAR raw-RC fit is recorded.,delta_chi2=8085.903199; frac_of_fixed=0.051989,outputs/paperVII/paperVII_P7A6_claim_source_lock.csv,1cfbc75f1d6f774298fcb20738de5cdb2c3d282628e3c6fc5c18c3742258fecb,,,embedded release_index/00_CLAIMS_INDEX.csv from paperV_early_galaxies_v0_3_2_source_ONLY.zip
BPB_MBE_HAL_v1_candidate,Paper_VII,v0.3,P7.A6.03,P7.A6.03::outputs/paperVII/paperVII_P7A6_claim_source_lock.csv,SOURCE_LOCKED,ACTIVE_CROSSCHECK,The Paper-II active38 subset is included in the nuisance-profile audit.,active a0/a0_BPB=0.550000000000; chi2=18204.030199,outputs/paperVII/paperVII_P7A6_claim_source_lock.csv,1cfbc75f1d6f774298fcb20738de5cdb2c3d282628e3c6fc5c18c3742258fecb,,,embedded release_index/00_CLAIMS_INDEX.csv from paperV_early_galaxies_v0_3_2_source_ONLY.zip
BPB_MBE_HAL_v1_candidate,Paper_VII,v0.3,P7.A6.04,P7.A6.04::outputs/paperVII/paperVII_P7A6_claim_source_lock.csv,SOURCE_LOCKED,GUARDRAIL,P7-A6 is not a full SPARC RC likelihood and does not derive a unique interpolation family.,PASS_A0_ANCHOR_UNDER_GLOBAL_NUISANCE_NOT_FULL_RC_LIKELIHOOD,outputs/paperVII/paperVII_P7A6_claim_source_lock.csv,1cfbc75f1d6f774298fcb20738de5cdb2c3d282628e3c6fc5c18c3742258fecb,GUARDRAIL,,embedded release_index/00_CLAIMS_INDEX.csv from paperV_early_galaxies_v0_3_2_source_ONLY.zip
BPB_MBE_HAL_v1_candidate,Paper_VII,v0.3,P7.A6B.01,P7.A6B.01::outputs/paperVII/paperVII_P7A6b_claim_source_lock.csv,SOURCE_LOCKED,BOUNDARY_AUDIT,The active38 a0 boundary issue is explicitly audited by extending the scan below 0.55.,active_best_a0_ratio=0.486722101981; at_lower=False,outputs/paperVII/paperVII_P7A6b_claim_source_lock.csv,28d835139d489b9ec4414cf2dc038070e2ddd9f441ac6c0bb4be2e1ec45325a3,,,embedded release_index/00_CLAIMS_INDEX.csv from paperV_early_galaxies_v0_3_2_source_ONLY.zip
BPB_MBE_HAL_v1_candidate,Paper_VII,v0.3,P7.A6B.02,P7.A6B.02::outputs/paperVII/paperVII_P7A6b_claim_source_lock.csv,SOURCE_LOCKED,PRIMARY_ANCHOR,The primary P7-A3 sample remains the a0-anchor sample for Paper VII.,primary_best_a0_ratio=0.807075252405; fixed_penalty_frac=0.051995539672,outputs/paperVII/paperVII_P7A6b_claim_source_lock.csv,28d835139d489b9ec4414cf2dc038070e2ddd9f441ac6c0bb4be2e1ec45325a3,,,embedded release_index/00_CLAIMS_INDEX.csv from paperV_early_galaxies_v0_3_2_source_ONLY.zip
BPB_MBE_HAL_v1_candidate,Paper_VII,v0.3,P7.A6B.03,P7.A6B.03::outputs/paperVII/paperVII_P7A6b_claim_source_lock.csv,SOURCE_LOCKED,GUARDRAIL,"The Paper-II active38 subset is used as a shape/interpolation cross-check, not as an independent a0 anchor.",SHAPE_ONLY_GUARDRAIL,outputs/paperVII/paperVII_P7A6b_claim_source_lock.csv,28d835139d489b9ec4414cf2dc038070e2ddd9f441ac6c0bb4be2e1ec45325a3,GUARDRAIL,,embedded release_index/00_CLAIMS_INDEX.csv from paperV_early_galaxies_v0_3_2_source_ONLY.zip
BPB_MBE_HAL_v1_candidate,Paper_VII,v0.3,P7.A7.01,P7.A7.01::outputs/paperVII/paperVII_P7A7_claim_source_lock.csv,SOURCE_LOCKED,A0_LOCK,Paper VII uses the BPB acceleration scale a0 = c H0 (1 - s_surv0).,a0=1.367856592595e-10 m/s2,outputs/paperVII/paperVII_P7A7_claim_source_lock.csv,88a3d0286efbfa97c1d0e37568d73b692b98726f7ad8da5a2f6c8982c7fe808f,,,embedded release_index/00_CLAIMS_INDEX.csv from paperV_early_galaxies_v0_3_2_source_ONLY.zip
BPB_MBE_HAL_v1_candidate,Paper_VII,v0.3,P7.A7.02,P7.A7.02::outputs/paperVII/paperVII_P7A7_claim_source_lock.csv,SOURCE_LOCKED,THERMAL_BRIDGE,The D2 conditional thermal bridge reproduces the same a0 and is provenance-locked.,a0_Teff=1.367856592595e-10; D2 conditional provenance locked,outputs/paperVII/paperVII_P7A7_claim_source_lock.csv,88a3d0286efbfa97c1d0e37568d73b692b98726f7ad8da5a2f6c8982c7fe808f,CONDITIONAL,,embedded release_index/00_CLAIMS_INDEX.csv from paperV_early_galaxies_v0_3_2_source_ONLY.zip
BPB_MBE_HAL_v1_candidate,Paper_VII,v0.3,P7.A7.03,P7.A7.03::outputs/paperVII/paperVII_P7A7_claim_source_lock.csv,SOURCE_LOCKED,BTFR_NORMALIZATION,The fixed BPB a0 passes the SPARC BTFR normalization gate.,median=-0.056007711329 dex; rms=0.295494277101 dex,outputs/paperVII/paperVII_P7A7_claim_source_lock.csv,88a3d0286efbfa97c1d0e37568d73b692b98726f7ad8da5a2f6c8982c7fe808f,,,embedded release_index/00_CLAIMS_INDEX.csv from paperV_early_galaxies_v0_3_2_source_ONLY.zip
BPB_MBE_HAL_v1_candidate,Paper_VII,v0.3,P7.A7.04,P7.A7.04::outputs/paperVII/paperVII_P7A7_claim_source_lock.csv,SOURCE_LOCKED,BTFR_LIKELIHOOD,"A minimal fixed-a0 BTFR likelihood passes at normalization level, with a slope guardrail.",sigma=0.295494277101; free-offset dBIC=1.63621196439; free-slope dBIC=-25.41666641103,outputs/paperVII/paperVII_P7A7_claim_source_lock.csv,88a3d0286efbfa97c1d0e37568d73b692b98726f7ad8da5a2f6c8982c7fe808f,GUARDRAIL,,embedded release_index/00_CLAIMS_INDEX.csv from paperV_early_galaxies_v0_3_2_source_ONLY.zip
BPB_MBE_HAL_v1_candidate,Paper_VII,v0.3,P7.A7.05,P7.A7.05::outputs/paperVII/paperVII_P7A7_claim_source_lock.csv,SOURCE_LOCKED,RAW_RC_SHAPE,Fixed-a0 RAR interpolation strongly improves raw baryonic SPARC rotation curves over baryon-only curves.,frac_improve=0.911207525795; red_chi2=56.310851078207,outputs/paperVII/paperVII_P7A7_claim_source_lock.csv,88a3d0286efbfa97c1d0e37568d73b692b98726f7ad8da5a2f6c8982c7fe808f,,,embedded release_index/00_CLAIMS_INDEX.csv from paperV_early_galaxies_v0_3_2_source_ONLY.zip
BPB_MBE_HAL_v1_candidate,Paper_VII,v0.3,P7.A7.06,P7.A7.06::outputs/paperVII/paperVII_P7A7_claim_source_lock.csv,SOURCE_LOCKED,NUISANCE_PROFILE,"Under global Ydisk/Ybul/a0 profiling, the primary sample keeps the a0 anchor close to BPB.",best a0/a0_BPB=0.807075252405; fixed penalty frac=0.051995539672,outputs/paperVII/paperVII_P7A7_claim_source_lock.csv,88a3d0286efbfa97c1d0e37568d73b692b98726f7ad8da5a2f6c8982c7fe808f,,,embedded release_index/00_CLAIMS_INDEX.csv from paperV_early_galaxies_v0_3_2_source_ONLY.zip
BPB_MBE_HAL_v1_candidate,Paper_VII,v0.3,P7.A7.07,P7.A7.07::outputs/paperVII/paperVII_P7A7_claim_source_lock.csv,SOURCE_LOCKED,ACTIVE_GUARDRAIL,"The Paper-II active38 subset is a shape/interpolation cross-check only, not an independent a0 anchor.",active best a0/a0_BPB=0.486722101981; boundary resolved=True,outputs/paperVII/paperVII_P7A7_claim_source_lock.csv,88a3d0286efbfa97c1d0e37568d73b692b98726f7ad8da5a2f6c8982c7fe808f,GUARDRAIL,,embedded release_index/00_CLAIMS_INDEX.csv from paperV_early_galaxies_v0_3_2_source_ONLY.zip
BPB_MBE_HAL_v1_candidate,Paper_VII,v0.3,P7.A7.08,P7.A7.08::outputs/paperVII/paperVII_P7A7_claim_source_lock.csv,SOURCE_LOCKED,FINAL_GUARDRAIL,"Paper VII does not claim a full SPARC RC likelihood, a unique interpolation-family derivation, or unconditional MOND action-level closure.",PASS_PAPER_VII_MANUSCRIPT_LOCK_NOT_FULL_RC_LIKELIHOOD,outputs/paperVII/paperVII_P7A7_claim_source_lock.csv,88a3d0286efbfa97c1d0e37568d73b692b98726f7ad8da5a2f6c8982c7fe808f,GUARDRAIL,,embedded release_index/00_CLAIMS_INDEX.csv from paperV_early_galaxies_v0_3_2_source_ONLY.zip
