data_type,z,D_ratio,bin,ell,cl_ratio_val
growth,0.0,1.0,,,
growth,0.001876172607879925,1.0004329188168175,,,
growth,0.00375234521575985,1.0008661544390753,,,
growth,0.005628517823639775,1.0012997082715311,,,
growth,0.0075046904315197,1.0017335817228028,,,
growth,0.009380863039399626,1.0021677762053158,,,
growth,0.01125703564727955,1.00260229313525,,,
growth,0.013133208255159474,1.0030371339324873,,,
growth,0.0150093808630394,1.003472300020561,,,
growth,0.016885553470919325,1.003907792826605,,,
growth,0.01876172607879925,1.004343613781305,,,
growth,0.020637898686679174,1.0047797643188499,,,
growth,0.0225140712945591,1.0052162458768834,,,
growth,0.024390243902439025,1.005653059896458,,,
growth,0.026266416510318948,1.0060902078219898,,,
growth,0.028142589118198873,1.006527691101212,,,
growth,0.0300187617260788,1.0069655111374425,,,
growth,0.03189493433395872,1.0074036664043449,,,
growth,0.03377110694183865,1.0078421330150171,,,
growth,0.03564727954971857,1.0082808983872367,,,
growth,0.0375234521575985,1.0087199551660457,,,
growth,0.039399624765478425,1.0091593047273983,,,
growth,0.04127579737335835,1.0095989486050563,,,
growth,0.043151969981238276,1.0100388883362286,,,
growth,0.0450281425891182,1.0104791254615253,,,
growth,0.04690431519699812,1.0109196615249125,,,
growth,0.04878048780487805,1.0113604980736661,,,
growth,0.05065666041275797,1.01180163665833,,,
growth,0.052532833020637895,1.0122430788326735,,,
growth,0.054409005628517824,1.01268482615365,,,
growth,0.05628517823639775,1.0131268801813582,,,
growth,0.058161350844277676,1.013569242479002,,,
growth,0.0600375234521576,1.0140119146128548,,,
growth,0.06191369606003752,1.0144548981522226,,,
growth,0.06378986866791744,1.0148981943920101,,,
growth,0.06566604127579738,1.0153417984675108,,,
growth,0.0675422138836773,1.0157856949377153,,,
growth,0.06941838649155722,1.0162298673143797,,,
growth,0.07129455909943715,1.0166743099675,,,
growth,0.07317073170731707,1.0171190245673847,,,
growth,0.075046904315197,1.0175640127874477,,,
growth,0.07692307692307693,1.0180092763041737,,,
growth,0.07879924953095685,1.0184548167970804,,,
growth,0.08067542213883677,1.0189006359486867,,,
growth,0.0825515947467167,1.0193466982056196,,,
growth,0.08442776735459662,1.0197930324154583,,,
growth,0.08630393996247655,1.02023964891678,,,
growth,0.08818011257035648,1.0206865493994128,,,
growth,0.0900562851782364,1.0211337355559862,,,
growth,0.09193245778611632,1.0215812090819036,,,
growth,0.09380863039399624,1.0220289716753188,,,
growth,0.09568480300187618,1.0224770250371102,,,
growth,0.0975609756097561,1.0229253687263877,,,
growth,0.09943714821763602,1.0233739956826533,,,
growth,0.10131332082551595,1.0238228917720613,,,
growth,0.10318949343339587,1.0242720436580894,,,
growth,0.10506566604127579,1.024721447263731,,,
growth,0.10694183864915573,1.025171104401556,,,
growth,0.10881801125703565,1.0256209601435604,,,
growth,0.11069418386491557,1.0260710589275037,,,
growth,0.1125703564727955,1.0265214151325979,,,
growth,0.11444652908067542,1.0269720305779941,,,
growth,0.11632270168855535,1.0274229070853687,,,
growth,0.11819887429643527,1.027874046478903,,,
growth,0.1200750469043152,1.0283254505852677,,,
growth,0.12195121951219512,1.028777121233607,,,
growth,0.12382739212007504,1.0292290602555236,,,
growth,0.12570356472795496,1.0296812694850683,,,
growth,0.1275797373358349,1.0301337507587287,,,
growth,0.1294559099437148,1.0305864357066346,,,
growth,0.13133208255159476,1.0310393774111855,,,
growth,0.13320825515947468,1.0314925801741501,,,
growth,0.1350844277673546,1.0319460285005007,,,
growth,0.13696060037523453,1.0323997136904328,,,
growth,0.13883677298311445,1.0328536343820038,,,
growth,0.14071294559099437,1.033307792529278,,,
growth,0.1425891181988743,1.0337621900884975,,,
growth,0.14446529080675422,1.0342168290180735,,,
growth,0.14634146341463414,1.0346716677805672,,,
growth,0.14821763602251406,1.0351266889868243,,,
growth,0.150093808630394,1.0355819557494697,,,
growth,0.15196998123827393,1.0360374700317139,,,
growth,0.15384615384615385,1.0364932337988366,,,
growth,0.15572232645403378,1.0369492490181873,,,
growth,0.1575984990619137,1.0374055176591876,,,
growth,0.15947467166979362,1.0378620416933362,,,
growth,0.16135084427767354,1.0383188200949345,,,
growth,0.16322701688555347,1.0387757422409511,,,
growth,0.1651031894934334,1.0392329183646356,,,
growth,0.1669793621013133,1.0396903365888828,,,
growth,0.16885553470919323,1.040147985188011,,,
growth,0.17073170731707318,1.040605857875858,,,
growth,0.1726078799249531,1.0410639538863928,,,
growth,0.17448405253283303,1.0415222753147924,,,
growth,0.17636022514071295,1.0419807737150122,,,
growth,0.17823639774859287,1.0424394131113541,,,
growth,0.1801125703564728,1.0428982824161126,,,
growth,0.18198874296435272,1.0433573837278902,,,
growth,0.18386491557223264,1.0438167191469463,,,
growth,0.18574108818011256,1.044276290775213,,,
growth,0.18761726078799248,1.044736100716312,,,
growth,0.1894934333958724,1.045196111985908,,,
growth,0.19136960600375236,1.045656254345364,,,
growth,0.19324577861163228,1.046116639510736,,,
growth,0.1951219512195122,1.0465772695885944,,,
growth,0.19699812382739212,1.0470381453035302,,,
growth,0.19887429643527205,1.0474992634095637,,,
growth,0.20075046904315197,1.0479606151954703,,,
growth,0.2026266416510319,1.0484220854958215,,,
growth,0.2045028142589118,1.0488836988674226,,,
growth,0.20637898686679174,1.0493455257227227,,,
growth,0.20825515947467166,1.0498075682912977,,,
growth,0.21013133208255158,1.0502698288039203,,,
growth,0.21200750469043153,1.0507323094925876,,,
growth,0.21388367729831145,1.0511949599531851,,,
growth,0.21575984990619138,1.051657706021231,,,
growth,0.2176360225140713,1.0521206770707912,,,
growth,0.21951219512195122,1.05258387533559,,,
growth,0.22138836772983114,1.0530473030506213,,,
growth,0.22326454033771106,1.0535109624521874,,,
growth,0.225140712945591,1.053974800785944,,,
growth,0.2270168855534709,1.0544387383506872,,,
growth,0.22889305816135083,1.054902912402391,,,
growth,0.23076923076923078,1.0553673224359308,,,
growth,0.2326454033771107,1.0558319636489477,,,
growth,0.23452157598499063,1.0562968276761797,,,
growth,0.23639774859287055,1.05676178865928,,,
growth,0.23827392120075047,1.0572268586515474,,,
growth,0.2401500938086304,1.0576921364483916,,,
growth,0.24202626641651032,1.0581576244073794,,,
growth,0.24390243902439024,1.0586233248868366,,,
growth,0.24577861163227016,1.0590892357560344,,,
growth,0.24765478424015008,1.0595551462242387,,,
growth,0.24953095684803,1.0600212743352524,,,
growth,0.25140712945590993,1.0604876224476012,,,
growth,0.25328330206378985,1.0609541929206865,,,
growth,0.2551594746716698,1.0614209881148446,,,
growth,0.2570356472795497,1.061887849908951,,,
growth,0.2589118198874296,1.0623548686965973,,,
growth,0.2607879924953096,1.0628221173175039,,,
growth,0.2626641651031895,1.0632895981323662,,,
growth,0.26454033771106944,1.0637573121256125,,,
growth,0.26641651031894936,1.0642251220340058,,,
growth,0.2682926829268293,1.0646930272156265,,,
growth,0.2701688555347092,1.0651611358923656,,,
growth,0.27204502814258913,1.065629448595976,,,
growth,0.27392120075046905,1.066097967617813,,,
growth,0.275797373358349,1.066566552785459,,,
growth,0.2776735459662289,1.0670352283317648,,,
growth,0.2795497185741088,1.0675041156368668,,,
growth,0.28142589118198874,1.0679732171756575,,,
growth,0.28330206378986866,1.068442535423524,,,
growth,0.2851782363977486,1.0689118864186287,,,
growth,0.2870544090056285,1.0693813727404897,,,
growth,0.28893058161350843,1.0698510811984108,,,
growth,0.29080675422138835,1.0703210142667414,,,
growth,0.2926829268292683,1.0707911744205552,,,
growth,0.2945590994371482,1.071261295715492,,,
growth,0.2964352720450281,1.0717316354160678,,,
growth,0.29831144465290804,1.07220220242638,,,
growth,0.300187617260788,1.0726729919256344,,,
growth,0.30206378986866794,1.0731438908198963,,,
growth,0.30393996247654786,1.073614795597156,,,
growth,0.3058161350844278,1.0740859048875728,,,
growth,0.3076923076923077,1.0745572211421222,,,
growth,0.30956848030018763,1.0750287469425408,,,
growth,0.31144465290806755,1.0755002239363332,,,
growth,0.3133208255159475,1.0759718636492637,,,
growth,0.3151969981238274,1.0764437186496887,,,
growth,0.3170731707317073,1.0769157915167529,,,
growth,0.31894934333958724,1.0773879474157488,,,
growth,0.32082551594746717,1.077860143281077,,,
growth,0.3227016885553471,1.0783325627393652,,,
growth,0.324577861163227,1.0788052083675204,,,
growth,0.32645403377110693,1.0792780455637205,,,
growth,0.32833020637898686,1.0797508232177147,,,
growth,0.3302063789868668,1.080223831279739,,,
growth,0.3320825515947467,1.0806970671523883,,,
growth,0.3339587242026266,1.0811705275971084,,,
growth,0.33583489681050654,1.0816438938302275,,,
growth,0.33771106941838647,1.082117424781789,,,
growth,0.3395872420262664,1.0825911646704,,,
growth,0.34146341463414637,1.083065116170472,,,
growth,0.3433395872420263,1.0835390205376132,,,
growth,0.3452157598499062,1.0840130424561532,,,
growth,0.34709193245778613,1.0844872820210667,,,
growth,0.34896810506566606,1.0849617419028827,,,
growth,0.350844277673546,1.0854361868436901,,,
growth,0.3527204502814259,1.0859107267634998,,,
growth,0.3545966228893058,1.0863854930166121,,,
growth,0.35647279549718575,1.0868604882702222,,,
growth,0.35834896810506567,1.0873354760764191,,,
growth,0.3602251407129456,1.0878105609240665,,,
growth,0.3621013133208255,1.0882858807704738,,,
growth,0.36397748592870544,1.0887614372468677,,,
growth,0.36585365853658536,1.0892369602262848,,,
growth,0.3677298311444653,1.0897125827963225,,,
growth,0.3696060037523452,1.0901884222150313,,,
growth,0.3714821763602251,1.090664477608842,,,
growth,0.37335834896810505,1.0911404210363285,,,
growth,0.37523452157598497,1.0916165050786084,,,
growth,0.3771106941838649,1.0920928100371963,,,
growth,0.3789868667917448,1.0925693386611084,,,
growth,0.3808630393996248,1.0930456858352755,,,
growth,0.3827392120075047,1.0935222532882862,,,
growth,0.38461538461538464,1.0939990507015758,,,
growth,0.38649155722326456,1.0944759912904098,,,
growth,0.3883677298311445,1.0949528341113322,,,
growth,0.3902439024390244,1.0954299131705667,,,
growth,0.3921200750469043,1.0959072312086715,,,
growth,0.39399624765478425,1.096384579084626,,,
growth,0.39587242026266417,1.0968619525898442,,,
growth,0.3977485928705441,1.0973395673417057,,,
growth,0.399624765478424,1.0978174230439008,,,
growth,0.40150093808630394,1.0982951413409743,,,
growth,0.40337711069418386,1.0987730038197159,,,
growth,0.4052532833020638,1.0992510919349,,,
growth,0.4071294559099437,1.0997293142404845,,,
growth,0.4090056285178236,1.1002073975258115,,,
growth,0.41088180112570355,1.1006857120997369,,,
growth,0.41275797373358347,1.1011642607711027,,,
growth,0.4146341463414634,1.1016427530790462,,,
growth,0.4165103189493433,1.1021213076292042,,,
growth,0.41838649155722324,1.1026001028180648,,,
growth,0.42026266416510316,1.1030790982843492,,,
growth,0.42213883677298314,1.1035579062674845,,,
growth,0.42401500938086306,1.104036961411785,,,
growth,0.425891181988743,1.1045162665165464,,,
growth,0.4277673545966229,1.1049955355784764,,,
growth,0.42964352720450283,1.1054748639600656,,,
growth,0.43151969981238275,1.1059544445847136,,,
growth,0.4333958724202627,1.1064342064539388,,,
growth,0.4352720450281426,1.1069137764471924,,,
growth,0.4371482176360225,1.1073935826660883,,,
growth,0.43902439024390244,1.1078736272887706,,,
growth,0.44090056285178236,1.1083535375913045,,,
growth,0.4427767354596623,1.108833549374619,,,
growth,0.4446529080675422,1.1093138063519332,,,
growth,0.44652908067542213,1.1097941300235445,,,
growth,0.44840525328330205,1.110274361471812,,,
growth,0.450281425891182,1.110754844883204,,,
growth,0.4521575984990619,1.111235582620059,,,
growth,0.4540337711069418,1.1117160477687105,,,
growth,0.45590994371482174,1.1121967716290064,,,
growth,0.45778611632270166,1.1126777570441013,,,
growth,0.4596622889305816,1.1131586368876365,,,
growth,0.46153846153846156,1.1136396151473837,,,
growth,0.4634146341463415,1.1141208600194228,,,
growth,0.4652908067542214,1.114602149193504,,,
growth,0.46716697936210133,1.1150833695289364,,,
growth,0.46904315196998125,1.1155648452429232,,,
growth,0.4709193245778612,1.1160464858313595,,,
growth,0.4727954971857411,1.1165279011131628,,,
growth,0.474671669793621,1.117009573005678,,,
growth,0.47654784240150094,1.1174915043922533,,,
growth,0.47842401500938087,1.1179731552171095,,,
growth,0.4803001876172608,1.1184550347984012,,,
growth,0.4821763602251407,1.1189371808455895,,,
growth,0.48405253283302063,1.1194191586369893,,,
growth,0.48592870544090055,1.1199012604905418,,,
growth,0.4878048780487805,1.1203836357598702,,,
growth,0.4896810506566604,1.1208659411140893,,,
growth,0.4915572232645403,1.121348279755173,,,
growth,0.49343339587242024,1.1218308987406806,,,
growth,0.49530956848030017,1.122313532192588,,,
growth,0.4971857410881801,1.1227961186573532,,,
growth,0.49906191369606,1.1232789852394174,,,
growth,0.50093808630394,1.1237619231146265,,,
growth,0.5028142589118199,1.1242447229175134,,,
growth,0.5046904315196998,1.1247277947837742,,,
growth,0.5065666041275797,1.125210979472613,,,
growth,0.5084427767354597,1.1256939698431938,,,
growth,0.5103189493433395,1.1261772383297617,,,
growth,0.5121951219512195,1.126660663728063,,,
growth,0.5140712945590994,1.1271438586998876,,,
growth,0.5159474671669794,1.1276273389242173,,,
growth,0.5178236397748592,1.12811100568397,,,
growth,0.5196998123827392,1.128594420325835,,,
growth,0.5215759849906192,1.129078127333671,,,
growth,0.5234521575984991,1.1295620360457332,,,
growth,0.525328330206379,1.1300456853549556,,,
growth,0.5272045028142589,1.1305296341214957,,,
growth,0.5290806754221389,1.1310137853141602,,,
growth,0.5309568480300187,1.1314976793534455,,,
growth,0.5328330206378987,1.1319818706132598,,,
growth,0.5347091932457786,1.1324662380695145,,,
growth,0.5365853658536586,1.1329503405232433,,,
growth,0.5384615384615384,1.1334347359231611,,,
growth,0.5403377110694184,1.1339192656127537,,,
growth,0.5422138836772983,1.1344035625588196,,,
growth,0.5440900562851783,1.134888159226683,,,
growth,0.5459662288930581,1.1353728462988633,,,
growth,0.5478424015009381,1.1358573528003737,,,
growth,0.549718574108818,1.1363421662962883,,,
growth,0.551594746716698,1.1368270114393617,,,
growth,0.5534709193245778,1.1373117430057258,,,
growth,0.5553470919324578,1.1377967888156948,,,
growth,0.5572232645403377,1.138281792655108,,,
growth,0.5590994371482176,1.1387667647220854,,,
growth,0.5609756097560976,1.139252058259603,,,
growth,0.5628517823639775,1.139737221356541,,,
growth,0.5647279549718575,1.140222443458536,,,
growth,0.5666041275797373,1.1407079878703235,,,
growth,0.5684803001876173,1.1411932735964883,,,
growth,0.5703564727954972,1.1416787123221335,,,
growth,0.5722326454033771,1.1421644684001389,,,
growth,0.574108818011257,1.142649831780734,,,
growth,0.575984990619137,1.1431354774086389,,,
growth,0.5778611632270169,1.143621347959436,,,
growth,0.5797373358348968,1.1441068871895017,,,
growth,0.5816135084427767,1.1445927549634394,,,
growth,0.5834896810506567,1.1450787018617892,,,
growth,0.5853658536585366,1.1455644717784652,,,
growth,0.5872420262664165,1.1460505776012502,,,
growth,0.5891181988742964,1.1465366015679936,,,
growth,0.5909943714821764,1.1470226180219962,,,
growth,0.5928705440900562,1.147508977721984,,,
growth,0.5947467166979362,1.1479950794120313,,,
growth,0.5966228893058161,1.1484813556931093,,,
growth,0.5984990619136961,1.1489679587754604,,,
growth,0.600375234521576,1.1494541371553202,,,
growth,0.6022514071294559,1.149940655815525,,,
growth,0.6041275797373359,1.1504272821399166,,,
growth,0.6060037523452158,1.150913677278658,,,
growth,0.6078799249530957,1.151400417471167,,,
growth,0.6097560975609756,1.1518870402044543,,,
growth,0.6116322701688556,1.1523736623092802,,,
growth,0.6135084427767354,1.1528606369399994,,,
growth,0.6153846153846154,1.1533472569922523,,,
growth,0.6172607879924953,1.1538341223580673,,,
growth,0.6191369606003753,1.154321205651978,,,
growth,0.6210131332082551,1.1548079659130868,,,
growth,0.6228893058161351,1.1552950907580724,,,
growth,0.624765478424015,1.155782171680755,,,
growth,0.626641651031895,1.1562692001565238,,,
growth,0.6285178236397748,1.1567566003496703,,,
growth,0.6303939962476548,1.157243676962531,,,
growth,0.6322701688555347,1.157730979422843,,,
growth,0.6341463414634146,1.158218502698646,,,
growth,0.6360225140712945,1.1587056847898312,,,
growth,0.6378986866791745,1.1591932360358104,,,
growth,0.6397748592870544,1.1596806852455075,,,
growth,0.6416510318949343,1.1601681063387612,,,
growth,0.6435272045028143,1.1606559033246582,,,
growth,0.6454033771106942,1.161143272221641,,,
growth,0.6472795497185742,1.161630948156461,,,
growth,0.649155722326454,1.162118737888845,,,
growth,0.651031894934334,1.1626062970989655,,,
growth,0.6529080675422139,1.163094244435163,,,
growth,0.6547842401500938,1.163581954299497,,,
growth,0.6566604127579737,1.1640697939227649,,,
growth,0.6585365853658537,1.1645579238701589,,,
growth,0.6604127579737336,1.1650456600503623,,,
growth,0.6622889305816135,1.1655337955956162,,,
growth,0.6641651031894934,1.1660218427819886,,,
growth,0.6660412757973734,1.1665098710777781,,,
growth,0.6679174484052532,1.1669983010667688,,,
growth,0.6697936210131332,1.167486221208622,,,
growth,0.6716697936210131,1.1679745194394997,,,
growth,0.6735459662288931,1.1684628193759068,,,
growth,0.6754221388367729,1.16895098390351,,,
growth,0.6772983114446529,1.1694395545353893,,,
growth,0.6791744840525328,1.1699276987369391,,,
growth,0.6810506566604128,1.1704161449856187,,,
growth,0.6829268292682927,1.1709046681823543,,,
growth,0.6848030018761726,1.1713929945083459,,,
growth,0.6866791744840526,1.1718817392759555,,,
growth,0.6885553470919324,1.1723701072881356,,,
growth,0.6904315196998124,1.1728587413618874,,,
growth,0.6923076923076923,1.173347487473854,,,
growth,0.6941838649155723,1.1738360152567442,,,
growth,0.6960600375234521,1.1743249730996017,,,
growth,0.6979362101313321,1.1748135587322177,,,
growth,0.699812382739212,1.175302405206057,,,
growth,0.701688555347092,1.1757913471863162,,,
growth,0.7035647279549718,1.17628006328061,,,
growth,0.7054409005628518,1.176769210931422,,,
growth,0.7073170731707317,1.1772579270058554,,,
growth,0.7091932457786116,1.1777469414923702,,,
growth,0.7110694183864915,1.1782359960876505,,,
growth,0.7129455909943715,1.178724882029048,,,
growth,0.7148217636022514,1.1792142111039272,,,
growth,0.7166979362101313,1.179703036819551,,,
growth,0.7185741088180112,1.1801922468249137,,,
growth,0.7204502814258912,1.180681410105831,,,
growth,0.7223264540337712,1.181170505601897,,,
growth,0.724202626641651,1.1816600060936437,,,
growth,0.726078799249531,1.1821489916180516,,,
growth,0.7279549718574109,1.1826384372933716,,,
growth,0.7298311444652908,1.1831277080455014,,,
growth,0.7317073170731707,1.183617046504913,,,
growth,0.7335834896810507,1.1841066426782823,,,
growth,0.7354596622889306,1.1845958561589907,,,
growth,0.7373358348968105,1.1850855327613317,,,
growth,0.7392120075046904,1.1855748357858606,,,
growth,0.7410881801125704,1.1860643786531346,,,
growth,0.7429643527204502,1.1865539802199863,,,
growth,0.7448405253283302,1.1870433940953122,,,
growth,0.7467166979362101,1.1875332823976765,,,
growth,0.7485928705440901,1.1880225834195626,,,
growth,0.7504690431519699,1.1885123523908525,,,
growth,0.7523452157598499,1.1890019509209282,,,
growth,0.7542213883677298,1.189491605244388,,,
growth,0.7560975609756098,1.1899815008577714,,,
growth,0.7579737335834896,1.1904710451937326,,,
growth,0.7598499061913696,1.1909610812847642,,,
growth,0.7617260787992496,1.1914506764377313,,,
growth,0.7636022514071295,1.1919406095505496,,,
growth,0.7654784240150094,1.192430493796941,,,
growth,0.7673545966228893,1.1929203125478798,,,
growth,0.7692307692307693,1.193410469750742,,,
growth,0.7711069418386491,1.1939001592933998,,,
growth,0.7729831144465291,1.1943903488680445,,,
growth,0.774859287054409,1.1948801369157471,,,
growth,0.776735459662289,1.195370200561737,,,
growth,0.7786116322701688,1.195860247541953,,,
growth,0.7804878048780488,1.1963501900898428,,,
growth,0.7823639774859287,1.1968404955371719,,,
growth,0.7842401500938087,1.197330321794051,,,
growth,0.7861163227016885,1.1978206653031744,,,
growth,0.7879924953095685,1.1983105999789199,,,
growth,0.7898686679174484,1.198800836944817,,,
growth,0.7917448405253283,1.1992910289118823,,,
growth,0.7936210131332082,1.19978116408218,,,
growth,0.7954971857410882,1.2002716128232558,,,
growth,0.797373358348968,1.2007616461775366,,,
growth,0.799249530956848,1.2012522115748838,,,
growth,0.801125703564728,1.20174226445756,,,
growth,0.8030018761726079,1.2022327146689744,,,
growth,0.8048780487804879,1.2027229918025433,,,
growth,0.8067542213883677,1.2032133194896826,,,
growth,0.8086303939962477,1.2037038173262422,,,
growth,0.8105065666041276,1.2041940253394035,,,
growth,0.8123827392120075,1.2046847433646117,,,
growth,0.8142589118198874,1.205174836621987,,,
growth,0.8161350844277674,1.2056654790451375,,,
growth,0.8180112570356473,1.2061557577036186,,,
growth,0.8198874296435272,1.2066462952721577,,,
growth,0.8217636022514071,1.2071367929128483,,,
growth,0.8236397748592871,1.2076272304849245,,,
growth,0.8255159474671669,1.2081179465406233,,,
growth,0.8273921200750469,1.2086082889512277,,,
growth,0.8292682926829268,1.209099197778922,,,
growth,0.8311444652908068,1.2095894689232434,,,
growth,0.8330206378986866,1.2100802822887433,,,
growth,0.8348968105065666,1.2105707504429621,,,
growth,0.8367729831144465,1.2110614549075456,,,
growth,0.8386491557223265,1.2115521087712378,,,
growth,0.8405253283302063,1.212042699434173,,,
growth,0.8424015009380863,1.2125335360149054,,,
growth,0.8442776735459663,1.2130240164506187,,,
growth,0.8461538461538461,1.2135150351746384,,,
growth,0.8480300187617261,1.214005410375745,,,
growth,0.849906191369606,1.2144963730106746,,,
growth,0.851782363977486,1.2149868855903063,,,
growth,0.8536585365853658,1.2154777529863372,,,
growth,0.8555347091932458,1.2159684464370086,,,
growth,0.8574108818011257,1.2164592235272462,,,
growth,0.8592870544090057,1.2169500972205687,,,
growth,0.8611632270168855,1.2174407889149998,,,
growth,0.8630393996247655,1.2179318422077785,,,
growth,0.8649155722326454,1.2184224469564435,,,
growth,0.8667917448405253,1.2189136600636754,,,
growth,0.8686679174484052,1.2194041760120589,,,
growth,0.8705440900562852,1.2198952900180506,,,
growth,0.8724202626641651,1.220385952460261,,,
growth,0.874296435272045,1.220876963918278,,,
growth,0.8761726078799249,1.2213677718237517,,,
growth,0.8780487804878049,1.2218586854675981,,,
growth,0.8799249530956847,1.2223496382045609,,,
growth,0.8818011257035647,1.2228404590890871,,,
growth,0.8836772983114447,1.2233315560109224,,,
growth,0.8855534709193246,1.2238222891673984,,,
growth,0.8874296435272045,1.224313529612526,,,
growth,0.8893058161350844,1.2248041800488487,,,
growth,0.8911819887429644,1.2252954674371188,,,
growth,0.8930581613508443,1.2257861360415068,,,
growth,0.8949343339587242,1.226277350153846,,,
growth,0.8968105065666041,1.2267681580256555,,,
growth,0.8986866791744841,1.2272592976554026,,,
growth,0.900562851782364,1.2277502334690185,,,
growth,0.9024390243902439,1.228241289240691,,,
growth,0.9043151969981238,1.2287323395707748,,,
growth,0.9061913696060038,1.2292233051544563,,,
growth,0.9080675422138836,1.229714464379933,,,
growth,0.9099437148217636,1.2302053422400567,,,
growth,0.9118198874296435,1.2306966096830274,,,
growth,0.9136960600375235,1.2311874049372344,,,
growth,0.9155722326454033,1.2316787799044757,,,
growth,0.9174484052532833,1.2321694976469195,,,
growth,0.9193245778611632,1.2326608857021932,,,
growth,0.9212007504690432,1.2331516247313457,,,
growth,0.9230769230769231,1.2336429453841107,,,
growth,0.924953095684803,1.2341337905141685,,,
growth,0.926829268292683,1.2346250488023358,,,
growth,0.9287054409005628,1.2351159992805867,,,
growth,0.9305816135084428,1.2356071975495189,,,
growth,0.9324577861163227,1.236098245487709,,,
growth,0.9343339587242027,1.2365893766633902,,,
growth,0.9362101313320825,1.2370805066665553,,,
growth,0.9380863039399625,1.23757156220795,,,
growth,0.9399624765478424,1.238062765608628,,,
growth,0.9418386491557224,1.2385537462362761,,,
growth,0.9437148217636022,1.239045021887655,,,
growth,0.9455909943714822,1.2395359325889481,,,
growth,0.9474671669793621,1.240027279750559,,,
growth,0.949343339587242,1.2405181256718998,,,
growth,0.9512195121951219,1.2410095435872455,,,
growth,0.9530956848030019,1.2415003298521534,,,
growth,0.9549718574108818,1.2419918177485831,,,
growth,0.9568480300187617,1.2424825494579703,,,
growth,0.9587242026266416,1.2429740009969363,,,
growth,0.9606003752345216,1.243464788779,,,
growth,0.9624765478424016,1.2439561951883162,,,
growth,0.9643527204502814,1.244447046383348,,,
growth,0.9662288930581614,1.2449384055660537,,,
growth,0.9681050656660413,1.2454293070824125,,,
growth,0.9699812382739212,1.2459206110059473,,,
growth,0.9718574108818011,1.2464115525026895,,,
growth,0.9737335834896811,1.2469027979919844,,,
growth,0.975609756097561,1.2473937764115772,,,
growth,0.9774859287054409,1.2478849669984726,,,
growth,0.9793621013133208,1.2483759815510518,,,
growth,0.9812382739212008,1.2488671224254642,,,
growth,0.9831144465290806,1.2493581723044602,,,
growth,0.9849906191369606,1.2498492686340756,,,
growth,0.9868667917448405,1.2503403530160837,,,
growth,0.9887429643527205,1.2508314099466686,,,
growth,0.9906191369606003,1.2513225279913198,,,
growth,0.9924953095684803,1.2518135506470363,,,
growth,0.9943714821763602,1.252304701496868,,,
growth,0.9962476547842402,1.2527956924815582,,,
growth,0.99812382739212,1.2532868711387493,,,
growth,1.0,1.2537778266333157,,,
growth,1.00187617260788,1.2542690210575118,,,
growth,1.00375234521576,1.2547599351505123,,,
growth,1.0056285178236397,1.2552511345245294,,,
growth,1.0075046904315197,1.2557420068215732,,,
growth,1.0093808630393997,1.2562332073855804,,,
growth,1.0112570356472796,1.2567240421578794,,,
growth,1.0131332082551594,1.2572152430668087,,,
growth,1.0150093808630394,1.257706045526229,,,
growth,1.0168855534709194,1.25819724591752,,,
growth,1.0187617260787993,1.258688021254562,,,
growth,1.020637898686679,1.2591792202480299,,,
growth,1.022514071294559,1.2596699736321784,,,
growth,1.024390243902439,1.2601611703298816,,,
growth,1.026266416510319,1.260651906909961,,,
growth,1.0281425891181988,1.2611431003960711,,,
growth,1.0300187617260788,1.2616338219188545,,,
growth,1.0318949343339587,1.2621250069413996,,,
growth,1.0337711069418387,1.2626157088630816,,,
growth,1.0356472795497185,1.2631068733601403,,,
growth,1.0375234521575984,1.263597551198229,,,
growth,1.0393996247654784,1.2640886849510478,,,
growth,1.0412757973733584,1.2645793400178509,,,
growth,1.0431519699812384,1.2650704396321906,,,
growth,1.0450281425891181,1.2655610766338734,,,
growth,1.0469043151969981,1.2660521412049692,,,
growth,1.048780487804878,1.2665427653698176,,,
growth,1.050656660412758,1.2670337939745395,,,
growth,1.0525328330206378,1.267524410510704,,,
growth,1.0544090056285178,1.2680154022074221,,,
growth,1.0562851782363978,1.2685060163033126,,,
growth,1.0581613508442778,1.2689969701317634,,,
growth,1.0600375234521575,1.2694875869564464,,,
growth,1.0619136960600375,1.2699785019375993,,,
growth,1.0637898686679175,1.2704691230290184,,,
growth,1.0656660412757974,1.2709599927116295,,,
growth,1.0675422138836772,1.2714506139699713,,,
growth,1.0694183864915572,1.2719414253306098,,,
growth,1.0712945590994372,1.2724320433372551,,,
growth,1.0731707317073171,1.2729227876914442,,,
growth,1.075046904315197,1.2734134042256668,,,
growth,1.0769230769230769,1.2739040794749472,,,
growth,1.0787992495309568,1.2743946993335105,,,
growth,1.0806754221388368,1.2748853045076276,,,
growth,1.0825515947467168,1.2753759329330059,,,
growth,1.0844277673545966,1.2758664670423903,,,
growth,1.0863039399624765,1.2763571092585648,,,
growth,1.0881801125703565,1.2768475712941956,,,
growth,1.0900562851782365,1.2773382325070934,,,
growth,1.0919324577861163,1.2778286214403658,,,
growth,1.0938086303939962,1.2783193065298866,,,
growth,1.0956848030018762,1.2788096202869954,,,
growth,1.0975609756097562,1.2793003320058556,,,
growth,1.099437148217636,1.2797905621229644,,,
growth,1.101313320825516,1.280281298462387,,,
growth,1.103189493433396,1.2807714321855117,,,
growth,1.1050656660412759,1.281262188911608,,,
growth,1.1069418386491556,1.2817522198898614,,,
growth,1.1088180112570356,1.2822429978606353,,,
growth,1.1106941838649156,1.2827329250715107,,,
growth,1.1125703564727956,1.2832236469499678,,,
growth,1.1144465290806753,1.2837135519629104,,,
growth,1.1163227016885553,1.2842041677634894,,,
growth,1.1181988742964353,1.2846941047592983,,,
growth,1.1200750469043153,1.2851846134175426,,,
growth,1.1219512195121952,1.2856745876190467,,,
growth,1.123827392120075,1.2861649880500203,,,
growth,1.125703564727955,1.2866550046640186,,,
growth,1.127579737335835,1.2871452957621723,,,
growth,1.129455909943715,1.2876353576328132,,,
growth,1.1313320825515947,1.2881255343664435,,,
growth,1.1332082551594747,1.2886156404235187,,,
growth,1.1350844277673546,1.2891056916003463,,,
growth,1.1369606003752346,1.2895958396699452,,,
growth,1.1388367729831144,1.2900857557660272,,,
growth,1.1407129455909943,1.2905759462720519,,,
growth,1.1425891181988743,1.2910657239357537,,,
growth,1.1444652908067543,1.2915559608129896,,,
growth,1.146341463414634,1.2920455989413389,,,
growth,1.148217636022514,1.2925358874640007,,,
growth,1.150093808630394,1.29302538493276,,,
growth,1.151969981238274,1.2935156659349025,,,
growth,1.1538461538461537,1.294005086024115,,,
growth,1.1557223264540337,1.2944952238758403,,,
growth,1.1575984990619137,1.2949847062940274,,,
growth,1.1594746716697937,1.2954746998269628,,,
growth,1.1613508442776737,1.2959642487768093,,,
growth,1.1632270168855534,1.2964540953920018,,,
growth,1.1651031894934334,1.2969437115125309,,,
growth,1.1669793621013134,1.2974334026224836,,,
growth,1.1688555347091933,1.2979230842525538,,,
growth,1.170731707317073,1.298412608143736,,,
growth,1.172607879924953,1.2989023547711978,,,
growth,1.174484052532833,1.2993917057291222,,,
growth,1.176360225140713,1.2998815201776728,,,
growth,1.1782363977485928,1.3003706970329734,,,
growth,1.1801125703564728,1.3008605845954537,,,
growth,1.1819887429643527,1.3013495861565303,,,
growth,1.1838649155722327,1.3018393620558841,,,
growth,1.1857410881801125,1.3023283771665308,,,
growth,1.1876172607879925,1.302817975142185,,,
growth,1.1894934333958724,1.3033070740956676,,,
growth,1.1913696060037524,1.3037964929102213,,,
growth,1.1932457786116322,1.3042856809430479,,,
growth,1.1951219512195121,1.3047749193364657,,,
growth,1.1969981238273921,1.3052641993139562,,,
growth,1.198874296435272,1.305753250404307,,,
growth,1.200750469043152,1.3062426222882781,,,
growth,1.2026266416510318,1.3067314734386848,,,
growth,1.2045028142589118,1.3072209353890447,,,
growth,1.2063789868667918,1.3077095794022802,,,
growth,1.2082551594746718,1.3081989909453076,,,
growth,1.2101313320825515,1.3086875677625762,,,
growth,1.2120075046904315,1.3091767692543994,,,
growth,1.2138836772983115,1.309665442397374,,,
growth,1.2157598499061915,1.3101544325717813,,,
growth,1.2176360225140712,1.310643207326094,,,
growth,1.2195121951219512,1.311131984893529,,,
growth,1.2213883677298312,1.3116208665359723,,,
growth,1.2232645403377111,1.3121094301834113,,,
growth,1.225140712945591,1.312598423982572,,,
growth,1.2270168855534709,1.313086772373409,,,
growth,1.2288930581613509,1.3135758826640473,,,
growth,1.2307692307692308,1.3140640107500563,,,
growth,1.2326454033771106,1.3145528983064239,,,
growth,1.2345215759849906,1.3150411372768558,,,
growth,1.2363977485928705,1.315529790516154,,,
growth,1.2382739212007505,1.316018141704994,,,
growth,1.2401500938086303,1.316506552710601,,,
growth,1.2420262664165103,1.3169950197530393,,,
growth,1.2439024390243902,1.3174831862100473,,,
growth,1.2457786116322702,1.3179717740405277,,,
growth,1.2476547842401502,1.3184596946022302,,,
growth,1.24953095684803,1.3189483711640262,,,
growth,1.25140712945591,1.319436081838564,,,
growth,1.25328330206379,1.3199245095837797,,,
growth,1.2551594746716699,1.3204123518404873,,,
growth,1.2570356472795496,1.3209005293732845,,,
growth,1.2589118198874296,1.3213885085000374,,,
growth,1.2607879924953096,1.3218764344000604,,,
growth,1.2626641651031896,1.3223645543001301,,,
growth,1.2645403377110693,1.3228522227656951,,,
growth,1.2664165103189493,1.3233404858660995,,,
growth,1.2682926829268293,1.3238278856736723,,,
growth,1.2701688555347093,1.3243160354099353,,,
growth,1.272045028142589,1.3248034147615944,,,
growth,1.273921200750469,1.325291286310005,,,
growth,1.275797373358349,1.325778807350347,,,
growth,1.277673545966229,1.3262663982115837,,,
growth,1.2795497185741087,1.3267540661342319,,,
growth,1.2814258911819887,1.3272413748742153,,,
growth,1.2833020637898687,1.3277291950275316,,,
growth,1.2851782363977486,1.3282162201870036,,,
growth,1.2870544090056286,1.328703990550213,,,
growth,1.2889305816135084,1.329190938011797,,,
growth,1.2908067542213884,1.3296784216945765,,,
growth,1.2926829268292683,1.3301655321838202,,,
growth,1.2945590994371483,1.3306527276760383,,,
growth,1.296435272045028,1.3311400047558684,,,
growth,1.298311444652908,1.3316269057923138,,,
growth,1.300187617260788,1.3321143519414045,,,
growth,1.302063789868668,1.332600946993727,,,
growth,1.3039399624765478,1.3330882824289216,,,
growth,1.3058161350844277,1.3335748439224324,,,
growth,1.3076923076923077,1.3340618643742272,,,
growth,1.3095684803001877,1.3345485949462323,,,
growth,1.3114446529080674,1.335035298350314,,,
growth,1.3133208255159474,1.335522203301733,,,
growth,1.3151969981238274,1.3360085881308426,,,
growth,1.3170731707317074,1.3364956728517792,,,
growth,1.3189493433395871,1.3369817375526907,,,
growth,1.320825515947467,1.337468537622689,,,
growth,1.322701688555347,1.3379547504287181,,,
growth,1.324577861163227,1.338441227114788,,,
growth,1.326454033771107,1.338927630313555,,,
growth,1.3283302063789868,1.3394137814883735,,,
growth,1.3302063789868668,1.3399003794140407,,,
growth,1.3320825515947468,1.3403861977829867,,,
growth,1.3339587242026267,1.3408727481271459,,,
growth,1.3358348968105065,1.3413584682258832,,,
growth,1.3377110694183865,1.3418446726816653,,,
growth,1.3395872420262664,1.3423305858226124,,,
growth,1.3414634146341464,1.342816438186545,,,
growth,1.3433395872420262,1.3433025491798354,,,
growth,1.3452157598499062,1.3437880478530548,,,
growth,1.3470919324577861,1.3442742749620267,,,
growth,1.3489681050656661,1.3447595055015258,,,
growth,1.3508442776735459,1.3452453755598317,,,
growth,1.3527204502814258,1.3457308149312857,,,
growth,1.3545966228893058,1.3462163262871427,,,
growth,1.3564727954971858,1.3467019799213966,,,
growth,1.3583489681050656,1.3471871308963463,,,
growth,1.3602251407129455,1.3476730042285028,,,
growth,1.3621013133208255,1.3481577910119336,,,
growth,1.3639774859287055,1.3486433009040262,,,
growth,1.3658536585365855,1.349128304126169,,,
growth,1.3677298311444652,1.349613439241678,,,
growth,1.3696060037523452,1.3500986641363535,,,
growth,1.3714821763602252,1.3505834148639,,,
growth,1.3733583489681052,1.3510688643131636,,,
growth,1.375234521575985,1.3515532260687055,,,
growth,1.377110694183865,1.3520383072103896,,,
growth,1.3789868667917449,1.352522874765263,,,
growth,1.3808630393996248,1.3530075634450156,,,
growth,1.3827392120075046,1.3534923647514567,,,
growth,1.3846153846153846,1.353976659242456,,,
growth,1.3864915572232646,1.3544616711313215,,,
growth,1.3883677298311445,1.3549455983567087,,,
growth,1.3902439024390243,1.3554302125075985,,,
growth,1.3921200750469043,1.3559143845257253,,,
growth,1.3939962476547842,1.356398599158134,,,
growth,1.3958724202626642,1.3568830203250413,,,
growth,1.397748592870544,1.3573668294895507,,,
growth,1.399624765478424,1.3578513522334332,,,
growth,1.401500938086304,1.3583348974195235,,,
growth,1.403377110694184,1.3588190020417257,,,
growth,1.405253283302064,1.359302797056683,,,
growth,1.4071294559099436,1.3597864761353144,,,
growth,1.4090056285178236,1.3602705259431527,,,
growth,1.4108818011257036,1.360753776943884,,,
growth,1.4127579737335836,1.3612377375713882,,,
growth,1.4146341463414633,1.3617209079122794,,,
growth,1.4165103189493433,1.3622044368108233,,,
growth,1.4183864915572233,1.3626878728119094,,,
growth,1.4202626641651033,1.3631709681517725,,,
growth,1.422138836772983,1.3636546754019865,,,
growth,1.424015009380863,1.3641373353261934,,,
growth,1.425891181988743,1.3646207008796893,,,
growth,1.427767354596623,1.365103540857359,,,
growth,1.4296435272045027,1.3655864654557466,,,
growth,1.4315196998123827,1.3660695849446003,,,
growth,1.4333958724202627,1.366552060100767,,,
growth,1.4352720450281427,1.3670352386949376,,,
growth,1.4371482176360224,1.3675174795151928,,,
growth,1.4390243902439024,1.368000197128562,,,
growth,1.4409005628517824,1.368482720401159,,,
growth,1.4427767354596623,1.3689649721852652,,,
growth,1.4446529080675423,1.3694477832160883,,,
growth,1.446529080675422,1.3699295672925857,,,
growth,1.448405253283302,1.370412050638315,,,
growth,1.450281425891182,1.3708939862308096,,,
growth,1.452157598499062,1.3713759980604137,,,
growth,1.4540337711069418,1.3718582327722126,,,
growth,1.4559099437148217,1.372339771153903,,,
growth,1.4577861163227017,1.3728220065098118,,,
growth,1.4596622889305817,1.3733033736293503,,,
growth,1.4615384615384615,1.373785131637789,,,
growth,1.4634146341463414,1.3742668072292092,,,
growth,1.4652908067542214,1.3747480811680393,,,
growth,1.4671669793621014,1.3752300497567589,,,
growth,1.4690431519699811,1.3757108488201328,,,
growth,1.4709193245778611,1.3761923200693604,,,
growth,1.472795497185741,1.3766734303074686,,,
growth,1.474671669793621,1.3771543976157685,,,
growth,1.4765478424015008,1.3776358247438463,,,
growth,1.4784240150093808,1.3781162861603213,,,
growth,1.4803001876172608,1.378597437866109,,,
growth,1.4821763602251408,1.379077989513962,,,
growth,1.4840525328330207,1.3795586313940735,,,
growth,1.4859287054409005,1.380039511484073,,,
growth,1.4878048780487805,1.3805196415351122,,,
growth,1.4896810506566605,1.3810004594395964,,,
growth,1.4915572232645404,1.3814804720672016,,,
growth,1.4934333958724202,1.3819607741520652,,,
growth,1.4953095684803002,1.3824411256183764,,,
growth,1.4971857410881801,1.3829209064142651,,,
growth,1.4990619136960601,1.3834013726021526,,,
growth,1.5009380863039399,1.3838808522355184,,,
growth,1.5028142589118199,1.3843607850706978,,,
growth,1.5046904315196998,1.3848406076786148,,,
growth,1.5065666041275798,1.3853199993112095,,,
growth,1.5084427767354596,1.3858000738026017,,,
growth,1.5103189493433395,1.3862790173275952,,,
growth,1.5121951219512195,1.3867585453781437,,,
growth,1.5140712945590995,1.3872378422777503,,,
growth,1.5159474671669793,1.3877168218441538,,,
growth,1.5178236397748592,1.3881964780288296,,,
growth,1.5196998123827392,1.3886749070416857,,,
growth,1.5215759849906192,1.3891540143332968,,,
growth,1.5234521575984992,1.3896328048138424,,,
growth,1.525328330206379,1.3901113574462032,,,
growth,1.527204502814259,1.3905905189140026,,,
growth,1.5290806754221389,1.391068512191842,,,
growth,1.5309568480300189,1.3915471811533737,,,
growth,1.5328330206378986,1.3920254772847278,,,
growth,1.5347091932457786,1.3925035756161457,,,
growth,1.5365853658536586,1.3929822493753712,,,
growth,1.5384615384615385,1.3934597684541998,,,
growth,1.5403377110694183,1.3939379605552706,,,
growth,1.5422138836772983,1.394415759526797,,,
growth,1.5440900562851783,1.3948933662589993,,,
growth,1.5459662288930582,1.3953715508985831,,,
growth,1.547842401500938,1.3958485701598728,,,
growth,1.549718574108818,1.396326259743248,,,
growth,1.551594746716698,1.3968035761863289,,,
growth,1.553470919324578,1.397280674112437,,,
growth,1.5553470919324577,1.3977583882734639,,,
growth,1.5572232645403377,1.3982348923923071,,,
growth,1.5590994371482176,1.398712064116402,,,
growth,1.5609756097560976,1.3991889173848924,,,
growth,1.5628517823639776,1.3996654888730653,,,
growth,1.5647279549718573,1.4001427272962668,,,
growth,1.5666041275797373,1.400618713356718,,,
growth,1.5684803001876173,1.4010953405930895,,,
growth,1.5703564727954973,1.4015717351110328,,,
growth,1.572232645403377,1.402047742196639,,,
growth,1.574108818011257,1.402524413419503,,,
growth,1.575984990619137,1.4029999338905927,,,
growth,1.577861163227017,1.4034759784107365,,,
growth,1.5797373358348967,1.4039519184565834,,,
growth,1.5816135084427767,1.4044273341264026,,,
growth,1.5834896810506567,1.404903411096133,,,
growth,1.5853658536585367,1.4053784845865813,,,
growth,1.5872420262664164,1.4058539284239722,,,
growth,1.5891181988742964,1.4063294338227275,,,
growth,1.5909943714821764,1.4068042423357068,,,
growth,1.5928705440900564,1.4072797092955212,,,
growth,1.594746716697936,1.4077543551710419,,,
growth,1.596622889305816,1.4082291802504514,,,
growth,1.598499061913696,1.4087042680831954,,,
growth,1.600375234521576,1.409178442382529,,,
growth,1.602251407129456,1.409653272236983,,,
growth,1.6041275797373358,1.4101274938517758,,,
growth,1.6060037523452158,1.410601661903187,,,
growth,1.6078799249530957,1.4110763332505043,,,
growth,1.6097560975609757,1.4115498350964353,,,
growth,1.6116322701688555,1.4120239895447964,,,
growth,1.6135084427767354,1.4124977951601532,,,
growth,1.6153846153846154,1.412971279067419,,,
growth,1.6172607879924954,1.413445414764979,,,
growth,1.6191369606003752,1.413918357425495,,,
growth,1.6210131332082551,1.414391818222789,,,
growth,1.622889305816135,1.4148652287777688,,,
growth,1.624765478424015,1.415338012456868,,,
growth,1.6266416510318948,1.4158114449418226,,,
growth,1.6285178236397748,1.4162839995722407,,,
growth,1.6303939962476548,1.4167567478758696,,,
growth,1.6322701688555348,1.4172297807349865,,,
growth,1.6341463414634145,1.4177018355361393,,,
growth,1.6360225140712945,1.4181745361188285,,,
growth,1.6378986866791745,1.4186467068705257,,,
growth,1.6397748592870545,1.41911870335974,,,
growth,1.6416510318949344,1.419591344753192,,,
growth,1.6435272045028142,1.4200626495255693,,,
growth,1.6454033771106942,1.4205345806685186,,,
growth,1.6472795497185742,1.4210063781814801,,,
growth,1.6491557223264541,1.421477596884609,,,
growth,1.6510318949343339,1.4219494573948706,,,
growth,1.6529080675422139,1.4224203976978993,,,
growth,1.6547842401500938,1.4228915413545289,,,
growth,1.6566604127579738,1.423362987424478,,,
growth,1.6585365853658536,1.4238334120038156,,,
growth,1.6604127579737336,1.4243044752797318,,,
growth,1.6622889305816135,1.4247750717417471,,,
growth,1.6641651031894935,1.4252454080101307,,,
growth,1.6660412757973733,1.425716382055509,,,
growth,1.6679174484052532,1.4261861217184517,,,
growth,1.6697936210131332,1.4266563564136119,,,
growth,1.6716697936210132,1.4271266156400932,,,
growth,1.673545966228893,1.4275961034550215,,,
growth,1.675422138836773,1.4280662258548176,,,
growth,1.677298311444653,1.4285356266207463,,,
growth,1.679174484052533,1.429004996786708,,,
growth,1.6810506566604126,1.4294749297257283,,,
growth,1.6829268292682926,1.42994354548029,,,
growth,1.6848030018761726,1.430412792600817,,,
growth,1.6866791744840526,1.4308818764136608,,,
growth,1.6885553470919326,1.4313503646811263,,,
growth,1.6904315196998123,1.4318194833358895,,,
growth,1.6923076923076923,1.4322877211007852,,,
growth,1.6941838649155723,1.432756076182202,,,
growth,1.6960600375234522,1.4332248657614197,,,
growth,1.697936210131332,1.4336924503826254,,,
growth,1.699812382739212,1.4341606621384444,,,
growth,1.701688555347092,1.4346286055391437,,,
growth,1.703564727954972,1.4350960338340106,,,
growth,1.7054409005628517,1.4355640882392426,,,
growth,1.7073170731707317,1.4360311779670356,,,
growth,1.7091932457786116,1.4364984403501297,,,
growth,1.7110694183864916,1.436966096855741,,,
growth,1.7129455909943714,1.4374325650907582,,,
growth,1.7148217636022514,1.43789965610138,,,
growth,1.7166979362101313,1.43836646712007,,,
growth,1.7185741088180113,1.4388327595526857,,,
growth,1.720450281425891,1.4392996737104438,,,
growth,1.722326454033771,1.4397656428292724,,,
growth,1.724202626641651,1.4402317539672813,,,
growth,1.726078799249531,1.4406983104711981,,,
growth,1.727954971857411,1.4411636146037314,,,
growth,1.7298311444652907,1.4416295371017838,,,
growth,1.7317073170731707,1.4420952574179229,,,
growth,1.7335834896810507,1.4425603622231475,,,
growth,1.7354596622889307,1.443026084309717,,,
growth,1.7373358348968104,1.4434909615018692,,,
growth,1.7392120075046904,1.4439558544909175,,,
growth,1.7410881801125704,1.4444213355144044,,,
growth,1.7429643527204504,1.4448853947705145,,,
growth,1.7448405253283301,1.4453500678672515,,,
growth,1.74671669793621,1.4458147092512033,,,
growth,1.74859287054409,1.4462785442237487,,,
growth,1.75046904315197,1.4467429919168893,,,
growth,1.7523452157598498,1.447206797598023,,,
growth,1.7542213883677298,1.447670402768364,,,
growth,1.7560975609756098,1.448134619532391,,,
growth,1.7579737335834897,1.4485975934682664,,,
growth,1.7598499061913695,1.4490609633043003,,,
growth,1.7617260787992495,1.4495245682532314,,,
growth,1.7636022514071295,1.449987085331497,,,
growth,1.7654784240150094,1.4504502105216084,,,
growth,1.7673545966228894,1.4509129864223327,,,
growth,1.7692307692307692,1.4513752462977605,,,
growth,1.7711069418386491,1.4518381131182534,,,
growth,1.7729831144465291,1.452300053716753,,,
growth,1.774859287054409,1.4527620458069324,,,
growth,1.7767354596622889,1.4532246350848477,,,
growth,1.7786116322701688,1.4536857498338807,,,
growth,1.7804878048780488,1.4541474679684834,,,
growth,1.7823639774859288,1.4546092301061433,,,
growth,1.7842401500938085,1.4550700665743812,,,
growth,1.7861163227016885,1.4555315052345352,,,
growth,1.7879924953095685,1.4559924445811345,,,
growth,1.7898686679174485,1.4564529972481197,,,
growth,1.7917448405253282,1.4569141509068835,,,
growth,1.7936210131332082,1.4573742705774722,,,
growth,1.7954971857410882,1.4578345322949844,,,
growth,1.7973733583489682,1.4582953294265384,,,
growth,1.799249530956848,1.4587546912251717,,,
growth,1.801125703564728,1.4592146504119219,,,
growth,1.8030018761726079,1.4596746295934566,,,
growth,1.8048780487804879,1.4601336773544902,,,
growth,1.8067542213883678,1.46059332125959,,,
growth,1.8086303939962476,1.4610524786708672,,,
growth,1.8105065666041276,1.4615112041095557,,,
growth,1.8123827392120075,1.461970524436699,,,
growth,1.8142589118198875,1.462428862775144,,,
growth,1.8161350844277673,1.4628872604149388,,,
growth,1.8180112570356473,1.4633462516814781,,,
growth,1.8198874296435272,1.4638037757274382,,,
growth,1.8217636022514072,1.464261840089569,,,
growth,1.823639774859287,1.4647200757205665,,,
growth,1.825515947467167,1.4651772113825845,,,
growth,1.827392120075047,1.4656349369870323,,,
growth,1.829268292682927,1.4660923691576384,,,
growth,1.8311444652908067,1.4665491576021017,,,
growth,1.8330206378986866,1.4670065347051382,,,
growth,1.8348968105065666,1.4674631594523393,,,
growth,1.8367729831144466,1.46791958653363,,,
growth,1.8386491557223263,1.468376600967148,,,
growth,1.8405253283302063,1.4688324144168623,,,
growth,1.8424015009380863,1.4692884700835498,,,
growth,1.8442776735459663,1.4697450221375303,,,
growth,1.8461538461538463,1.4702001172102874,,,
growth,1.848030018761726,1.4706557958642053,,,
growth,1.849906191369606,1.4711115478534935,,,
growth,1.851782363977486,1.4715662618444054,,,
growth,1.853658536585366,1.472021558088135,,,
growth,1.8555347091932457,1.4724765152872425,,,
growth,1.8574108818011257,1.4729308428095746,,,
growth,1.8592870544090057,1.4733857512508324,,,
growth,1.8611632270168856,1.4738399172573164,,,
growth,1.8630393996247654,1.4742938501470362,,,
growth,1.8649155722326454,1.4747483626110127,,,
growth,1.8667917448405253,1.4752017354367069,,,
growth,1.8686679174484053,1.4756552610878026,,,
growth,1.870544090056285,1.4761093649493682,,,
growth,1.872420262664165,1.4765619413616597,,,
growth,1.874296435272045,1.4770150483068298,,,
growth,1.876172607879925,1.4774684076730642,,,
growth,1.8780487804878048,1.4779205145933842,,,
growth,1.8799249530956847,1.4783731958594024,,,
growth,1.8818011257035647,1.4788257695236546,,,
growth,1.8836772983114447,1.479277446880582,,,
growth,1.8855534709193247,1.4797296971934268,,,
growth,1.8874296435272044,1.4801814909233677,,,
growth,1.8893058161350844,1.4806327334597806,,,
growth,1.8911819887429644,1.48108454755731,,,
growth,1.8930581613508444,1.481535566142232,,,
growth,1.8949343339587241,1.4819863669895066,,,
growth,1.896810506566604,1.482437737995083,,,
growth,1.898686679174484,1.4828879816822853,,,
growth,1.900562851782364,1.4833383295076095,,,
growth,1.9024390243902438,1.4837892460720947,,,
growth,1.9043151969981238,1.484238711812504,,,
growth,1.9061913696060038,1.4846885940935737,,,
growth,1.9080675422138837,1.485138889036149,,,
growth,1.9099437148217635,1.4855877329950662,,,
growth,1.9118198874296435,1.4860371417413283,,,
growth,1.9136960600375235,1.4864866685269418,,,
growth,1.9155722326454034,1.4869350352920372,,,
growth,1.9174484052532832,1.4873839653967922,,,
growth,1.9193245778611632,1.4878327303039036,,,
growth,1.9212007504690432,1.488280614791812,,,
growth,1.9230769230769231,1.4887290611672548,,,
growth,1.924953095684803,1.4891770701721763,,,
growth,1.9268292682926829,1.4896244665427085,,,
growth,1.9287054409005628,1.4900724233428277,,,
growth,1.9305816135084428,1.490519679268998,,,
growth,1.9324577861163228,1.4909665772010996,,,
growth,1.9343339587242026,1.4914140340907494,,,
growth,1.9362101313320825,1.4918605348970186,,,
growth,1.9380863039399625,1.4923069211777358,,,
growth,1.9399624765478425,1.4927538649245988,,,
growth,1.9418386491557222,1.4931996108288248,,,
growth,1.9437148217636022,1.493645476809494,,,
growth,1.9455909943714822,1.4940918987540637,,,
growth,1.9474671669793622,1.494536895380966,,,
growth,1.949343339587242,1.494982236167387,,,
growth,1.951219512195122,1.4954281267863012,,,
growth,1.9530956848030019,1.4958723855916287,,,
growth,1.9549718574108819,1.496317196315665,,,
growth,1.9568480300187616,1.4967623531753744,,,
growth,1.9587242026266416,1.4972060783475563,,,
growth,1.9606003752345216,1.497650353928725,,,
growth,1.9624765478424016,1.4980947828407245,,,
growth,1.9643527204502815,1.4985379648130985,,,
growth,1.9662288930581613,1.4989816956723454,,,
growth,1.9681050656660413,1.4994253970142686,,,
growth,1.9699812382739212,1.499868022250231,,,
growth,1.9718574108818012,1.500311194831364,,,
growth,1.973733583489681,1.500754167102725,,,
growth,1.975609756097561,1.5011962266554568,,,
growth,1.977485928705441,1.5016388320005467,,,
growth,1.979362101313321,1.5020810793297523,,,
growth,1.9812382739212007,1.5025225685632357,,,
growth,1.9831144465290806,1.5029646020330594,,,
growth,1.9849906191369606,1.503406131770702,,,
growth,1.9868667917448406,1.5038470460821836,,,
growth,1.9887429643527204,1.504288503070851,,,
growth,1.9906191369606003,1.504729322620986,,,
growth,1.9924953095684803,1.5051696574331408,,,
growth,1.9943714821763603,1.5056105333602479,,,
growth,1.99624765478424,1.5060506475102873,,,
growth,1.99812382739212,1.50649039374644,,,
growth,2.0,1.5069306795240862,,,
growth,2.0018761726078798,1.5073700879592207,,,
growth,2.00375234521576,1.5078092321074013,,,
growth,2.0056285178236397,1.5082489142044264,,,
growth,2.00750469043152,1.5086876178561455,,,
growth,2.0093808630393997,1.5091261510192846,,,
growth,2.0112570356472794,1.5095652205278571,,,
growth,2.0131332082551596,1.510003225599392,,,
growth,2.0150093808630394,1.5104411434425045,,,
growth,2.016885553470919,1.51087959602515,,,
growth,2.0187617260787993,1.5113169104160462,,,
growth,2.020637898686679,1.5117542086445757,,,
growth,2.0225140712945593,1.512192040004324,,,
growth,2.024390243902439,1.512628671607527,,,
growth,2.026266416510319,1.5130653458863488,,,
growth,2.028142589118199,1.51350255168559,,,
growth,2.0300187617260788,1.513938504794286,,,
growth,2.0318949343339585,1.5143745462899738,,,
growth,2.0337711069418387,1.5148111176847403,,,
growth,2.0356472795497185,1.5152463920653028,,,
growth,2.0375234521575987,1.5156817876571158,,,
growth,2.0393996247654784,1.5161177115085027,,,
growth,2.041275797373358,1.5165523099729536,,,
growth,2.0431519699812384,1.5169870511696832,,,
growth,2.045028142589118,1.517422318976679,,,
growth,2.0469043151969983,1.5178562490872431,,,
growth,2.048780487804878,1.5182903319005236,,,
growth,2.050656660412758,1.518724939673027,,,
growth,2.052532833020638,1.5191582098595025,,,
growth,2.054409005628518,1.5195916303483032,,,
growth,2.0562851782363976,1.520025574143631,,,
growth,2.0581613508442778,1.5204581925159644,,,
growth,2.0600375234521575,1.5208909463348563,,,
growth,2.0619136960600377,1.5213242218052039,,,
growth,2.0637898686679175,1.5217561927642997,,,
growth,2.0656660412757972,1.5221882710816412,,,
growth,2.0675422138836774,1.5226208693850414,,,
growth,2.069418386491557,1.5230521938486214,,,
growth,2.071294559099437,1.52348358429608,,,
growth,2.073170731707317,1.5239154930476675,,,
growth,2.075046904315197,1.5243461750563674,,,
growth,2.076923076923077,1.5247768698979545,,,
growth,2.078799249530957,1.5252080813534687,,,
growth,2.0806754221388366,1.5256381289610872,,,
growth,2.082551594746717,1.5260681245984957,,,
growth,2.0844277673545966,1.5264986351586833,,,
growth,2.0863039399624768,1.5269280572923323,,,
growth,2.0881801125703565,1.5273573501810778,,,
growth,2.0900562851782363,1.527787156300594,,,
growth,2.0919324577861165,1.5282159611871338,,,
growth,2.0938086303939962,1.5286445467256695,,,
growth,2.095684803001876,1.5290736438002404,,,
growth,2.097560975609756,1.529501836610996,,,
growth,2.099437148217636,1.5299297057353762,,,
growth,2.101313320825516,1.5303580846905132,,,
growth,2.103189493433396,1.5307856681342875,,,
growth,2.1050656660412757,1.5312128095793442,,,
growth,2.106941838649156,1.5316404591355364,,,
growth,2.1088180112570356,1.532067437739627,,,
growth,2.1106941838649154,1.532493844862485,,,
growth,2.1125703564727956,1.5329207583706506,,,
growth,2.1144465290806753,1.5333471400275038,,,
growth,2.1163227016885555,1.533772809660181,,,
growth,2.1181988742964353,1.5341989839522057,,,
growth,2.120075046904315,1.5346247780392201,,,
growth,2.1219512195121952,1.5350497070734583,,,
growth,2.123827392120075,1.5354751390410395,,,
growth,2.125703564727955,1.535900354323459,,,
growth,2.127579737335835,1.5363245376651136,,,
growth,2.1294559099437147,1.5367492222106025,,,
growth,2.131332082551595,1.5371738653403129,,,
growth,2.1332082551594747,1.5375972934687545,,,
growth,2.1350844277673544,1.5380212210603563,,,
growth,2.1369606003752346,1.5384452960413213,,,
growth,2.1388367729831144,1.5388679591295924,,,
growth,2.1407129455909946,1.5392911199287085,,,
growth,2.1425891181988743,1.5397146309567171,,,
growth,2.144465290806754,1.540136523776524,,,
growth,2.1463414634146343,1.5405589125512062,,,
growth,2.148217636022514,1.5409817981558052,,,
growth,2.150093808630394,1.541402987124997,,,
growth,2.151969981238274,1.5418246011743626,,,
growth,2.1538461538461537,1.5422467102937838,,,
growth,2.155722326454034,1.542667353604811,,,
growth,2.1575984990619137,1.543088190292947,,,
growth,2.1594746716697935,1.5435095202920797,,,
growth,2.1613508442776737,1.5439296253447714,,,
growth,2.1632270168855534,1.5443496788557585,,,
growth,2.1651031894934336,1.5447702239140084,,,
growth,2.1669793621013134,1.545189795214635,,,
growth,2.168855534709193,1.545609055346653,,,
growth,2.1707317073170733,1.5460288052500313,,,
growth,2.172607879924953,1.546447847943741,,,
growth,2.174484052532833,1.5468663066136827,,,
growth,2.176360225140713,1.5472852532705914,,,
growth,2.178236397748593,1.5477037749219766,,,
growth,2.180112570356473,1.548121428615628,,,
growth,2.1819887429643527,1.548539568511186,,,
growth,2.1838649155722325,1.5489575786605263,,,
growth,2.1857410881801127,1.5493744251751689,,,
growth,2.1876172607879925,1.5497917561082113,,,
growth,2.189493433395872,1.550209264875438,,,
growth,2.1913696060037524,1.550625301846261,,,
growth,2.193245778611632,1.5510418214532251,,,
growth,2.1951219512195124,1.5514588245366632,,,
growth,2.196998123827392,1.5518740595558795,,,
growth,2.198874296435272,1.552289761087365,,,
growth,2.200750469043152,1.5527059443022955,,,
growth,2.202626641651032,1.5531206884296627,,,
growth,2.204502814258912,1.5535355612638542,,,
growth,2.206378986866792,1.5539509139757364,,,
growth,2.2082551594746715,1.5543651746407743,,,
growth,2.2101313320825517,1.5547792127324525,,,
growth,2.2120075046904315,1.5551937288911337,,,
growth,2.2138836772983113,1.5556075158752767,,,
growth,2.2157598499061915,1.5560207174750915,,,
growth,2.217636022514071,1.5564343953335396,,,
growth,2.2195121951219514,1.5568477190835701,,,
growth,2.221388367729831,1.5572600825142706,,,
growth,2.223264540337711,1.5576729203976405,,,
growth,2.225140712945591,1.5580857909908379,,,
growth,2.227016885553471,1.5584973127039243,,,
growth,2.2288930581613506,1.5589093070629516,,,
growth,2.230769230769231,1.5593217336224072,,,
growth,2.2326454033771106,1.559732405754867,,,
growth,2.234521575984991,1.5601435487185393,,,
growth,2.2363977485928705,1.5605551633235932,,,
growth,2.2382739212007503,1.5609653520506521,,,
growth,2.2401500938086305,1.561375635349428,,,
growth,2.2420262664165103,1.5617863884616467,,,
growth,2.2439024390243905,1.562196144244526,,,
growth,2.24577861163227,1.5626055641281311,,,
growth,2.24765478424015,1.563015451996182,,,
growth,2.24953095684803,1.563424785105299,,,
growth,2.25140712945591,1.5638333403672977,,,
growth,2.2532833020637897,1.5642423617879109,,,
growth,2.25515947467167,1.5646512829001804,,,
growth,2.2570356472795496,1.5650589724086257,,,
growth,2.25891181988743,1.565467126253106,,,
growth,2.2607879924953096,1.5658756458722831,,,
growth,2.2626641651031894,1.5662824647054232,,,
growth,2.2645403377110696,1.5666897460489528,,,
growth,2.2664165103189493,1.5670974906920587,,,
growth,2.268292682926829,1.5675038123281528,,,
growth,2.2701688555347093,1.567910211999597,,,
growth,2.272045028142589,1.5683170731303424,,,
growth,2.273921200750469,1.5687230051421297,,,
growth,2.275797373358349,1.569128517470317,,,
growth,2.2776735459662287,1.5695344894132783,,,
growth,2.279549718574109,1.5699400416237808,,,
growth,2.2814258911819887,1.5703446653856428,,,
growth,2.283302063789869,1.57074974692084,,,
growth,2.2851782363977486,1.5711549299644694,,,
growth,2.2870544090056284,1.571558664510167,,,
growth,2.2889305816135086,1.5719628549917541,,,
growth,2.2908067542213884,1.572367502181998,,,
growth,2.292682926829268,1.5727705228943147,,,
growth,2.2945590994371483,1.573173820076965,,,
growth,2.296435272045028,1.5735775721276453,,,
growth,2.2983114446529083,1.5739802431359435,,,
growth,2.300187617260788,1.574382640559755,,,
growth,2.3020637898686678,1.5747854910053924,,,
growth,2.303939962476548,1.5751878197521822,,,
growth,2.3058161350844277,1.5755893101255012,,,
growth,2.3076923076923075,1.5759912516675267,,,
growth,2.3095684803001877,1.5763932463659562,,,
growth,2.3114446529080674,1.5767938268152804,,,
growth,2.3133208255159476,1.5771948565805174,,,
growth,2.3151969981238274,1.5775963364180616,,,
growth,2.317073170731707,1.5779961969939316,,,
growth,2.3189493433395874,1.5783963148241233,,,
growth,2.320825515947467,1.5787968808740451,,,
growth,2.3227016885553473,1.5791964312927944,,,
growth,2.324577861163227,1.5795956371054931,,,
growth,2.326454033771107,1.579995289290161,,,
growth,2.328330206378987,1.5803945389526943,,,
growth,2.3302063789868668,1.5807928287266402,,,
growth,2.3320825515947465,1.5811915630231819,,,
growth,2.3339587242026267,1.581590520604523,,,
growth,2.3358348968105065,1.5819878861990813,,,
growth,2.3377110694183867,1.5823856944585877,,,
growth,2.3395872420262664,1.5827839461231465,,,
growth,2.341463414634146,1.58318080371352,,,
growth,2.3433395872420264,1.5835776817039773,,,
growth,2.345215759849906,1.5839750012354321,,,
growth,2.347091932457786,1.5843715840976649,,,
growth,2.348968105065666,1.584767531916352,,,
growth,2.350844277673546,1.585163919417043,,,
growth,2.352720450281426,1.5855602384396321,,,
growth,2.354596622889306,1.5859552564908803,,,
growth,2.3564727954971856,1.5863507123706513,,,
growth,2.358348968105066,1.5867466068072669,,,
growth,2.3602251407129455,1.5871408650549474,,,
growth,2.3621013133208257,1.5875353874670513,,,
growth,2.3639774859287055,1.5879303465799244,,,
growth,2.3658536585365852,1.5883243613807385,,,
growth,2.3677298311444654,1.5887179444019774,,,
growth,2.369606003752345,1.5891119622632255,,,
growth,2.371482176360225,1.5895057422272645,,,
growth,2.373358348968105,1.5898983805435458,,,
growth,2.375234521575985,1.5902914518353848,,,
growth,2.377110694183865,1.5906849568193624,,,
growth,2.378986866791745,1.5910766981318634,,,
growth,2.3808630393996246,1.591468821820658,,,
growth,2.382739212007505,1.5918613773358514,,,
growth,2.3846153846153846,1.5922529065656943,,,
growth,2.3864915572232643,1.592644083543192,,,
growth,2.3883677298311445,1.593035690487543,,,
growth,2.3902439024390243,1.5934270181964512,,,
growth,2.3921200750469045,1.59381724851633,,,
growth,2.3939962476547842,1.5942079069483277,,,
growth,2.395872420262664,1.594598994197338,,,
growth,2.397748592870544,1.5949883234202902,,,
growth,2.399624765478424,1.595378029372799,,,
growth,2.401500938086304,1.595768162281599,,,
growth,2.403377110694184,1.596157308152455,,,
growth,2.4052532833020637,1.5965460554993236,,,
growth,2.407129455909944,1.5969352279367628,,,
growth,2.4090056285178236,1.5973242001997459,,,
growth,2.4108818011257034,1.597711987037341,,,
growth,2.4127579737335836,1.5981001971014794,,,
growth,2.4146341463414633,1.5984888310853973,,,
growth,2.4165103189493435,1.5988758330143205,,,
growth,2.4183864915572233,1.5992630820754938,,,
growth,2.420262664165103,1.599650753194869,,,
growth,2.4221388367729833,1.60003760691168,,,
growth,2.424015009380863,1.6004238964104867,,,
growth,2.4258911819887428,1.600810606112818,,,
growth,2.427767354596623,1.6011973215759223,,,
growth,2.4296435272045027,1.6015826492433132,,,
growth,2.431519699812383,1.6019683952605803,,,
growth,2.4333958724202627,1.6023545603093972,,,
growth,2.4352720450281424,1.6027393425284837,,,
growth,2.4371482176360226,1.603124118679124,,,
growth,2.4390243902439024,1.6035093119982302,,,
growth,2.440900562851782,1.6038939741770006,,,
growth,2.4427767354596623,1.6042777779374175,,,
growth,2.444652908067542,1.6046619970038687,,,
growth,2.4465290806754223,1.6050465488834167,,,
growth,2.448405253283302,1.605429381833151,,,
growth,2.450281425891182,1.6058126282335219,,,
growth,2.452157598499062,1.606196288754666,,,
growth,2.4540337711069418,1.6065789441933465,,,
growth,2.455909943714822,1.606961219830101,,,
growth,2.4577861163227017,1.607343907735412,,,
growth,2.4596622889305815,1.6077264786207652,,,
growth,2.4615384615384617,1.6081077826733055,,,
growth,2.4634146341463414,1.6084894971454025,,,
growth,2.465290806754221,1.6088716227000512,,,
growth,2.4671669793621014,1.6092523217902017,,,
growth,2.469043151969981,1.6096330581621239,,,
growth,2.4709193245778613,1.610014203760561,,,
growth,2.472795497185741,1.6103948377323625,,,
growth,2.474671669793621,1.61077459308859,,,
growth,2.476547842401501,1.6111547558152712,,,
growth,2.478424015009381,1.6115353265682484,,,
growth,2.4803001876172606,1.6119141095778706,,,
growth,2.4821763602251408,1.6122932905549308,,,
growth,2.4840525328330205,1.6126728777041532,,,
growth,2.4859287054409007,1.6130516206400447,,,
growth,2.4878048780487805,1.6134298222136376,,,
growth,2.4896810506566602,1.6138084281133114,,,
growth,2.4915572232645404,1.614187140883057,,,
growth,2.49343339587242,1.6145643634343518,,,
growth,2.4953095684803004,1.614941988470625,,,
growth,2.49718574108818,1.615320016636381,,,
growth,2.49906191369606,1.615696922211299,,,
growth,2.50093808630394,1.616073562990051,,,
growth,2.50281425891182,1.616450605052129,,,
growth,2.5046904315196996,1.6168275012121207,,,
growth,2.50656660412758,1.6172031546429004,,,
growth,2.5084427767354596,1.6175792075104976,,,
growth,2.5103189493433398,1.6179556604523395,,,
growth,2.5121951219512195,1.6183307698194436,,,
growth,2.5140712945590993,1.6187058343607588,,,
growth,2.5159474671669795,1.6190812971312911,,,
growth,2.5178236397748592,1.6194564206639763,,,
growth,2.519699812382739,1.6198304996469715,,,
growth,2.521575984990619,1.620204975022714,,,
growth,2.523452157598499,1.6205798474215938,,,
growth,2.525328330206379,1.6209532175202392,,,
growth,2.527204502814259,1.6213267068534494,,,
growth,2.5290806754221387,1.6217005913755054,,,
growth,2.530956848030019,1.6220739988742852,,,
growth,2.5328330206378986,1.6224464998107997,,,
growth,2.534709193245779,1.622819394102573,,,
growth,2.5365853658536586,1.623192682373,,,
growth,2.5384615384615383,1.6235643579633547,,,
growth,2.5403377110694185,1.6239362589575825,,,
growth,2.5422138836772983,1.6243085520923508,,,
growth,2.544090056285178,1.624680286278207,,,
growth,2.5459662288930582,1.6250511947821162,,,
growth,2.547842401500938,1.625422493593947,,,
growth,2.549718574108818,1.625794183330107,,,
growth,2.551594746716698,1.6261642149244657,,,
growth,2.5534709193245777,1.6265345225870131,,,
growth,2.555347091932458,1.6269052193461677,,,
growth,2.5572232645403377,1.6272753347064401,,,
growth,2.5590994371482174,1.627644653311883,,,
growth,2.5609756097560976,1.6280143591935659,,,
growth,2.5628517823639774,1.6283844529609692,,,
growth,2.5647279549718576,1.6287528958999498,,,
growth,2.5666041275797373,1.6291216093694023,,,
growth,2.568480300187617,1.6294907089019892,,,
growth,2.5703564727954973,1.62985925606377,,,
growth,2.572232645403377,1.630226974257027,,,
growth,2.5741088180112572,1.6305950766907207,,,
growth,2.575984990619137,1.630963563967424,,,
growth,2.5778611632270167,1.6313304609909423,,,
growth,2.579737335834897,1.6316975672524572,,,
growth,2.5816135084427767,1.632065056535766,,,
growth,2.5834896810506565,1.6324320816843538,,,
growth,2.5853658536585367,1.6327981953165598,,,
growth,2.5872420262664164,1.6331646901587862,,,
growth,2.5891181988742966,1.6335315668067354,,,
growth,2.5909943714821764,1.6338969762031057,,,
growth,2.592870544090056,1.6342624792305458,,,
growth,2.5947467166979363,1.634628362255917,,,
growth,2.596622889305816,1.634993922989063,,,
growth,2.598499061913696,1.6353584332745494,,,
growth,2.600375234521576,1.6357233217528866,,,
growth,2.602251407129456,1.6360885890129648,,,
growth,2.604127579737336,1.636452558404691,,,
growth,2.6060037523452158,1.6368164498364324,,,
growth,2.6078799249530955,1.6371807182412004,,,
growth,2.6097560975609757,1.6375448598234805,,,
growth,2.6116322701688555,1.637907755406393,,,
growth,2.6135084427767357,1.638271026159479,,,
growth,2.6153846153846154,1.6386346726648282,,,
growth,2.617260787992495,1.638997251621067,,,
growth,2.6191369606003754,1.6393595286142337,,,
growth,2.621013133208255,1.6397221795626271,,,
growth,2.622889305816135,1.640084954701182,,,
growth,2.624765478424015,1.6404462408865301,,,
growth,2.626641651031895,1.6408078992384452,,,
growth,2.628517823639775,1.6411699303322846,,,
growth,2.630393996247655,1.6415311755577537,,,
growth,2.6322701688555346,1.641891840798257,,,
growth,2.6341463414634148,1.6422528769913203,,,
growth,2.6360225140712945,1.6426142847095375,,,
growth,2.6378986866791743,1.642974010772837,,,
growth,2.6397748592870545,1.6433340500735039,,,
growth,2.641651031894934,1.6436944591070988,,,
growth,2.6435272045028144,1.6440544157902268,,,
growth,2.645403377110694,1.6444134598130178,,,
growth,2.647279549718574,1.644772871782881,,,
growth,2.649155722326454,1.6451326522657117,,,
growth,2.651031894934334,1.6454911200883764,,,
growth,2.652908067542214,1.6458495392040322,,,
growth,2.654784240150094,1.6462083250530122,,,
growth,2.6566604127579736,1.6465670471154357,,,
growth,2.658536585365854,1.646924476475922,,,
growth,2.6604127579737336,1.6472822707985546,,,
growth,2.6622889305816133,1.6476404306425996,,,
growth,2.6641651031894935,1.6479976959029654,,,
growth,2.6660412757973733,1.648354498411513,,,
growth,2.6679174484052535,1.6487116646699245,,,
growth,2.6697936210131332,1.6490691952347318,,,
growth,2.671669793621013,1.6494250150328493,,,
growth,2.673545966228893,1.6497811863482328,,,
growth,2.675422138836773,1.650137720196552,,,
growth,2.6772983114446527,1.6504938282685895,,,
growth,2.679174484052533,1.6508490067959365,,,
growth,2.6810506566604126,1.6512045460898102,,,
growth,2.682926829268293,1.6515604467001532,,,
growth,2.6848030018761726,1.6519151402255543,,,
growth,2.6866791744840524,1.6522696894599056,,,
growth,2.6885553470919326,1.6526245982508758,,,
growth,2.6904315196998123,1.6529796029187656,,,
growth,2.6923076923076925,1.653333165165753,,,
growth,2.6941838649155723,1.6536870852178118,,,
growth,2.696060037523452,1.654041363618366,,,
growth,2.6979362101313322,1.6543949854791673,,,
growth,2.699812382739212,1.6547479165592796,,,
growth,2.7016885553470917,1.655101204236056,,,
growth,2.703564727954972,1.6554548490502208,,,
growth,2.7054409005628517,1.6558071000735888,,,
growth,2.707317073170732,1.6561593964134018,,,
growth,2.7091932457786116,1.656512048137956,,,
growth,2.7110694183864914,1.6568646438859869,,,
growth,2.7129455909943716,1.6572159516924816,,,
growth,2.7148217636022514,1.657567613138945,,,
growth,2.716697936210131,1.6579196287596285,,,
growth,2.7185741088180113,1.6582708843359018,,,
growth,2.720450281425891,1.658621560251555,,,
growth,2.7223264540337713,1.6589725886035127,,,
growth,2.724202626641651,1.6593239699233504,,,
growth,2.726078799249531,1.6596739042269237,,,
growth,2.727954971857411,1.6600239482026609,,,
growth,2.7298311444652907,1.6603743434125515,,,
growth,2.731707317073171,1.6607246575695942,,,
growth,2.7335834896810507,1.66107371683096,,,
growth,2.7354596622889304,1.6614231255960636,,,
growth,2.7373358348968106,1.6617728843900923,,,
growth,2.7392120075046904,1.6621219025640797,,,
growth,2.74108818011257,1.6624703251102644,,,
growth,2.7429643527204504,1.6628190959553564,,,
growth,2.74484052532833,1.6631682156218812,,,
growth,2.7467166979362103,1.6635159534573585,,,
growth,2.74859287054409,1.663863739908364,,,
growth,2.75046904315197,1.664211873455913,,,
growth,2.75234521575985,1.6645600249098345,,,
growth,2.75422138836773,1.6649068319331914,,,
growth,2.7560975609756095,1.665253984338998,,,
growth,2.7579737335834897,1.6656014826434578,,,
growth,2.7598499061913695,1.6659483871440524,,,
growth,2.7617260787992497,1.6662945609647786,,,
growth,2.7636022514071295,1.66664107897375,,,
growth,2.765478424015009,1.6669879416845428,,,
growth,2.7673545966228894,1.6673336132053007,,,
growth,2.769230769230769,1.6676791503312152,,,
growth,2.7711069418386494,1.6680250304478013,,,
growth,2.772983114446529,1.6683711483661048,,,
growth,2.774859287054409,1.6687157057548805,,,
growth,2.776735459662289,1.6690606044285292,,,
growth,2.778611632270169,1.6694058448943676,,,
growth,2.7804878048780486,1.6697507562468294,,,
growth,2.782363977485929,1.670094677856313,,,
growth,2.7842401500938085,1.6704389395584365,,,
growth,2.7861163227016887,1.6707835418579093,,,
growth,2.7879924953095685,1.6711272661113605,,,
growth,2.7898686679174483,1.6714705542134132,,,
growth,2.7917448405253285,1.6718141812205962,,,
growth,2.793621013133208,1.6721581476350251,,,
growth,2.795497185741088,1.672500702165196,,,
growth,2.797373358348968,1.6728433559723674,,,
growth,2.799249530956848,1.6731863474975892,,,
growth,2.801125703564728,1.6735293941788254,,,
growth,2.803001876172608,1.6738710738106999,,,
growth,2.8048780487804876,1.6742130894737535,,,
growth,2.806754221388368,1.6745554416639437,,,
growth,2.8086303939962476,1.674897342462834,,,
growth,2.810506566604128,1.675238384404847,,,
growth,2.8123827392120075,1.6755797611902339,,,
growth,2.8142589118198873,1.6759214733123722,,,
growth,2.8161350844277675,1.6762622454711507,,,
growth,2.8180112570356473,1.6766026521340354,,,
growth,2.819887429643527,1.6769433924573758,,,
growth,2.821763602251407,1.677284466931984,,,
growth,2.823639774859287,1.677624129592624,,,
growth,2.825515947467167,1.6779639026528115,,,
growth,2.827392120075047,1.678304008194384,,,
growth,2.8292682926829267,1.6786442077495676,,,
growth,2.831144465290807,1.678983015050815,,,
growth,2.8330206378986866,1.679322153169284,,,
growth,2.8348968105065664,1.6796616225897347,,,
growth,2.8367729831144466,1.6800007391899228,,,
growth,2.8386491557223263,1.6803389099833705,,,
growth,2.8405253283302065,1.6806774104149187,,,
growth,2.8424015009380863,1.6810162409667833,,,
growth,2.844277673545966,1.6813542883341182,,,
growth,2.8461538461538463,1.6816918229665756,,,
growth,2.848030018761726,1.6820296860600208,,,
growth,2.849906191369606,1.682367878094134,,,
growth,2.851782363977486,1.6827048743507156,,,
growth,2.8536585365853657,1.6830417754416735,,,
growth,2.855534709193246,1.6833790038216314,,,
growth,2.8574108818011257,1.683716559967747,,,
growth,2.8592870544090054,1.6840525229012868,,,
growth,2.8611632270168856,1.6843887913889464,,,
growth,2.8630393996247654,1.6847253859964164,,,
growth,2.8649155722326456,1.6850619408604344,,,
growth,2.8667917448405253,1.6853972502666827,,,
growth,2.868667917448405,1.6857328841511052,,,
growth,2.8705440900562853,1.6860688429849247,,,
growth,2.872420262664165,1.686404389429015,,,
growth,2.874296435272045,1.6867390638778206,,,
growth,2.876172607879925,1.6870740616363316,,,
growth,2.8780487804878048,1.6874093831732706,,,
growth,2.879924953095685,1.68774393628159,,,
growth,2.8818011257035647,1.6880779772525891,,,
growth,2.8836772983114445,1.6884123403683649,,,
growth,2.8855534709193247,1.688747026095151,,,
growth,2.8874296435272044,1.6890806042283155,,,
growth,2.8893058161350846,1.6894140144892449,,,
growth,2.8911819887429644,1.6897477457353007,,,
growth,2.893058161350844,1.6900817984302412,,,
growth,2.8949343339587243,1.6904144181512162,,,
growth,2.896810506566604,1.6907471978035142,,,
growth,2.898686679174484,1.6910802972829313,,,
growth,2.900562851782364,1.6914135625095694,,,
growth,2.902439024390244,1.6917453905844602,,,
growth,2.904315196998124,1.6920775368682948,,,
growth,2.9061913696060038,1.6924100018190158,,,
growth,2.9080675422138835,1.6927423322016437,,,
growth,2.9099437148217637,1.6930735278069926,,,
growth,2.9118198874296435,1.6934050404646872,,,
growth,2.9136960600375232,1.693736870630214,,,
growth,2.9155722326454034,1.6940682819953734,,,
growth,2.917448405253283,1.6943988477869782,,,
growth,2.9193245778611634,1.6947297294794303,,,
growth,2.921200750469043,1.695060927525776,,,
growth,2.923076923076923,1.6953914378903858,,,
growth,2.924953095684803,1.6957213758658911,,,
growth,2.926829268292683,1.6960516285949436,,,
growth,2.928705440900563,1.6963821965281618,,,
growth,2.930581613508443,1.6967118213968608,,,
growth,2.9324577861163226,1.6970411307378808,,,
growth,2.9343339587242028,1.6973707536855591,,,
growth,2.9362101313320825,1.697700690688087,,,
growth,2.9380863039399623,1.6980294429671832,,,
growth,2.9399624765478425,1.6983581218448145,,,
growth,2.9418386491557222,1.6986871131812813,,,
growth,2.9437148217636024,1.6990164174223548,,,
growth,2.945590994371482,1.6993443121248177,,,
growth,2.947467166979362,1.6996723615756355,,,
growth,2.949343339587242,1.7000007223403824,,,
growth,2.951219512195122,1.7003293365830472,,,
growth,2.9530956848030017,1.700656449859598,,,
growth,2.954971857410882,1.700983872870553,,,
growth,2.9568480300187616,1.7013116060560396,,,
growth,2.958724202626642,1.7016393920282473,,,
growth,2.9606003752345216,1.7019658809272598,,,
growth,2.9624765478424013,1.7022926784264147,,,
growth,2.9643527204502815,1.702619784963456,,,
growth,2.9662288930581613,1.7029467575236465,,,
growth,2.9681050656660415,1.7032726202301085,,,
growth,2.9699812382739212,1.7035987904015546,,,
growth,2.971857410881801,1.7039252684733497,,,
growth,2.973733583489681,1.704251440234881,,,
growth,2.975609756097561,1.7045766763250305,,,
growth,2.9774859287054407,1.7049022187459744,,,
growth,2.979362101313321,1.7052280679307037,,,
growth,2.9812382739212007,1.705553453795729,,,
growth,2.983114446529081,1.705878065626231,,,
growth,2.9849906191369606,1.7062029826579883,,,
growth,2.9868667917448404,1.7065282053216315,,,
growth,2.9887429643527206,1.7068528222487334,,,
growth,2.9906191369606003,1.707176812308776,,,
growth,2.99249530956848,1.7075011064453485,,,
growth,2.9943714821763603,1.707825705086732,,,
growth,2.99624765478424,1.70814956846046,,,
growth,2.9981238273921202,1.7084729365394933,,,
growth,3.0,1.7087966075715766,,,
