name,A_true,A_pred_hybrid_loo,delta_pred_minus_true,abs_delta_pred_minus_true,sign_true,sign_pred,sign_match,branch_pred,interior_active,at_lower_bound,at_upper_bound,Type,logL36,L36,Dist,logMHI,MHI,RHI,Vflat,Qual,n_points_used,s_inner,delta_R1
UGCA444,-2.000000000000002,-1.6294286731373044,0.3705713268626978,0.3705713268626978,-1,-1,1,neg,0,0,1,10.0,-1.9208187539523751,0.012,0.98,-1.1739251972991736,0.067,2.08,37.0,2.0,36.0,0.3621621621621621,-0.0006297790889632219
KK98-251,-2.0000000000000067,-0.8511534196090857,1.148846580390921,1.148846580390921,-1,-1,1,neg,0,0,1,10.0,-1.0705810742857071,0.085,6.8,-0.9393021596463883,0.115,2.9,33.7,2.0,15.0,0.3649851632047478,-0.006956912999538299
DDO064,1.2625000000000002,-1.0541990884477241,-2.3166990884477245,2.3166990884477245,1,-1,0,neg,1,0,0,10.0,-0.8041003475907662,0.157,6.8,-0.6757175447023074,0.211,3.49,46.1,1.0,14.0,0.30151843817787416,-0.023733661375545608
UGCA442,1.9625000000000024,-1.0158912959878124,-2.978391295987815,2.978391295987815,1,-1,0,neg,1,0,0,9.0,-0.8538719643217619,0.14,4.35,-0.5800442515102421,0.263,4.37,56.4,1.0,8.0,0.25177304964539005,-0.04196568675075777
DDO168,-0.9250000000000012,-1.313972068410818,-0.3889720684108169,0.3889720684108169,-1,-1,1,neg,1,0,0,10.0,-0.7189666327522725,0.191,4.25,-0.384049948343599,0.413,4.3,53.4,2.0,10.0,0.3595505617977528,-0.047643267111271155
D631-7,0.08750000000000055,-1.7037334911863655,-1.791233491186366,1.791233491186366,1,-1,0,neg,1,0,0,10.0,-0.707743928643524,0.196,7.72,-0.5376020021010439,0.29,0.0,57.7,1.0,16.0,0.1457538994800693,-0.05512606498438256
UGC01281,0.7249999999999992,-1.2651369965104762,-1.9901369965104754,1.9901369965104754,1,-1,0,neg,1,0,0,8.0,-0.4522252946121775,0.353,5.27,-0.5316526695878427,0.294,5.26,55.2,1.0,25.0,0.3115942028985507,-0.06299904908863589
UGC07603,1.8125000000000004,1.934607084792702,0.12210708479270149,0.12210708479270149,1,1,1,pos,1,0,0,7.0,-0.42481215507233894,0.376,4.7,-0.5883802940367698,0.258,4.37,61.6,1.0,12.0,0.3181818181818182,-0.07087203319288925
UGC05721,1.3749999999999998,0.8984501975162827,-0.47654980248371703,0.47654980248371703,1,1,1,pos,1,0,0,7.0,-0.2749054789185309,0.531,6.18,-0.2502636844309389,0.562,6.74,79.7,1.0,23.0,0.3450439146800502,-0.07628973933673017
NGC2915,0.5124999999999993,-1.2917520083430123,-1.8042520083430116,1.8042520083430116,1,-1,0,neg,1,0,0,11.0,-0.19314197048118256,0.641,4.06,-0.29413628771608075,0.508,7.16,83.5,2.0,30.0,0.16167664670658682,-0.08582760599722244
DDO161,-1.1875000000000007,-1.295770208212598,-0.10827020821259725,0.10827020821259725,-1,-1,1,neg,1,0,0,10.0,-0.26121944151563076,0.548,7.5,0.13924921757160696,1.378,10.69,66.3,1.0,31.0,0.2805429864253394,-0.10230794026321141
UGC08286,0.012499999999998864,1.2495344620843927,1.2370344620843938,1.2370344620843938,1,1,1,pos,1,0,0,6.0,0.0986437258170569,1.255,6.5,-0.1924649719311467,0.642,8.07,82.4,1.0,17.0,0.39805825242718446,-0.10230794026321141
UGC06818,-0.5624999999999999,-0.5151846138344951,0.04731538616550479,0.04731538616550479,-1,-1,1,neg,1,0,0,9.0,0.20085049809107747,1.588,18.0,0.033021444682910656,1.079,6.96,71.2,2.0,8.0,0.3286516853932584,-0.10890991765359856
UGC04499,-0.40000000000000063,-0.6363984047561905,-0.23639840475618984,0.23639840475618984,-1,-1,1,neg,1,0,0,8.0,0.19089171692216964,1.552,12.5,0.04139268515822507,1.1,8.67,72.8,1.0,9.0,0.35714285714285715,-0.11586464575478443
F571-V1,0.2749999999999997,0.0,-0.2749999999999997,0.2749999999999997,1,1,1,pos,1,0,0,7.0,0.266936911159173,1.849,80.1,0.08529057823006501,1.217,10.1,83.6,2.0,7.0,0.3827751196172249,-0.14545303345589017
F583-1,1.0000000000000004,-1.2140315663075623,-2.214031566307563,2.214031566307563,1,-1,0,neg,1,0,0,9.0,-0.0061230850587887945,0.986,35.4,0.32756326018727794,2.126,15.65,85.8,1.0,25.0,0.2738927738927739,-0.15653328627846244
NGC3109,1.7749999999999992,-2.0714672228565822,-3.8464672228565817,3.8464672228565817,1,-1,0,neg,1,0,0,9.0,-0.712198270069774,0.194,1.33,-0.3214816209598861,0.477,6.0,66.2,1.0,25.0,0.25679758308157097,-0.17127279798844194
UGC06399,0.2749999999999994,-0.9826606320971816,-1.257660632097181,1.257660632097181,1,-1,0,neg,1,0,0,9.0,0.36097188372593586,2.296,18.0,-0.17134010346468015,0.674,8.8,85.0,1.0,9.0,0.4176470588235294,-0.18232738863743161
UGC05005,0.1499999999999997,2.481886116040487,2.3318861160404873,2.3318861160404873,1,1,1,pos,1,0,0,10.0,0.6127838567197355,4.1,53.7,0.490379920003179,3.093,21.61,98.9,1.0,11.0,0.23811931243680484,-0.18969711573675813
NGC0300,1.6874999999999998,0.7937333070727544,-0.8937666929272454,0.8937666929272454,1,1,1,pos,1,0,0,7.0,0.465680211598278,2.922,2.08,-0.028724151261894745,0.936,9.2,93.3,2.0,25.0,0.4276527331189711,-0.1931560101229261
NGC2976,2.5624999999999996,2.1376589032800664,-0.4248410967199332,0.4248410967199332,1,1,1,pos,1,0,0,5.0,0.5277587525209719,3.371,3.58,-0.7644715530924511,0.172,3.04,85.4,2.0,27.0,0.3360655737704918,-0.1931560101229261
UGC04278,1.5625,1.3598817435044759,-0.20261825649552412,0.20261825649552412,1,1,1,pos,1,0,0,7.0,0.11627558758054428,1.307,9.51,0.04766419460155998,1.116,8.9,91.4,1.0,25.0,0.3648796498905908,-0.20295553194381213
IC2574,3.375,-0.43215475276253645,-3.8071547527625365,3.8071547527625365,1,-1,0,neg,1,0,0,9.0,0.006893707947900456,1.016,3.91,0.01535975540921423,1.036,10.81,66.4,2.0,34.0,0.28012048192771083,-0.21590834701317407
NGC0100,0.16249999999999953,0.0,-0.16249999999999953,0.16249999999999953,1,1,1,pos,1,0,0,6.0,0.5094713521025486,3.232,13.5,0.29885307640970665,1.99,16.36,88.1,1.0,21.0,0.300794551645857,-0.21590834701317407
NGC5585,0.8875000000000003,1.433721939178291,0.5462219391782906,0.5462219391782906,1,1,1,pos,1,0,0,7.0,0.46879026209961094,2.943,7.06,0.22608411597582387,1.683,10.92,90.3,1.0,24.0,0.37320044296788485,-0.23256919743345358
UGC00128,0.34999999999999964,1.0092861885695519,0.6592861885695522,0.6592861885695522,1,1,1,pos,1,0,0,8.0,1.0799044676667207,12.02,64.5,0.8710472613054994,7.431,31.27,129.3,1.0,22.0,0.4350348027842227,-0.17176990354758298
ESO116-G012,1.9750000000000008,-1.2685693980798594,-3.24356939807986,3.24356939807986,1,-1,0,neg,1,0,0,7.0,0.6326597132939135,4.292,13.0,0.03462845662532034,1.083,9.58,109.1,1.0,15.0,0.36663611365719523,-0.15746871162722054
NGC4085,0.08749999999999938,-0.5965757919677768,-0.6840757919677761,0.6840757919677761,1,-1,0,neg,1,0,0,5.0,1.3369397941205898,21.724,18.0,0.13001194967190424,1.349,10.16,131.5,2.0,7.0,0.3209125475285171,-0.15031811566703931
NGC3972,0.9000000000000009,-1.013639850727762,-1.9136398507277628,1.9136398507277628,1,-1,0,neg,1,0,0,4.0,1.156942684852226,14.353,18.0,0.08421868673923877,1.214,10.05,132.7,1.0,10.0,0.4242652599849285,-0.11325376076953424
NGC1003,-0.12499999999999999,-2.5906839508201815,-2.4656839508201815,2.4656839508201815,-1,-1,1,neg,1,0,0,6.0,0.8337843746564789,6.82,11.4,0.7693773260761385,5.88,33.33,109.8,1.0,36.0,0.42805100182149364,-0.10888810280367169
NGC4010,0.4999999999999992,-1.0398865241138346,-1.5398865241138338,1.5398865241138338,1,-1,0,neg,1,0,0,7.0,1.235351663177412,17.193,18.0,0.4520932490177314,2.832,17.59,125.8,2.0,12.0,0.43402225755166934,-0.1045224448378092
NGC3877,-0.5999999999999998,-0.45935822114658653,0.14064177885341322,0.14064177885341322,-1,-1,1,neg,1,0,0,5.0,1.8605476153848894,72.535,18.0,0.17114115102838204,1.483,11.47,168.4,2.0,13.0,0.3500593824228028,-0.06860904018841506
UGC05986,3.999999999999999,1.762886479872085,-2.237113520127914,2.237113520127914,1,1,1,pos,0,1,0,9.0,0.6716355966021298,4.695,8.63,0.4260230156898761,2.667,16.53,113.0,2.0,15.0,0.3553097345132743,-0.06571703103476119
NGC1090,-1.0000000000000002,-0.6150466476516441,0.38495335234835615,0.38495335234835615,-1,-1,1,neg,1,0,0,4.0,1.8576038456946433,72.045,37.0,0.943642882752129,8.783,30.49,164.4,1.0,24.0,0.3753041362530414,-0.059933012727452877
NGC3917,2.6875000000000004,-1.0128393452865905,-3.700339345286591,3.700339345286591,1,-1,0,neg,1,0,0,6.0,1.3417509792651747,21.966,18.0,0.2760019899620501,1.888,14.08,135.9,1.0,17.0,0.36497424576894777,-0.0455722398681809
F571-8,-2.0000000000000253,-2.295563033885894,-0.2955630338858688,0.2955630338858688,-1,-1,1,neg,0,0,1,5.0,1.0070646563783316,10.164,53.3,0.25090769970085597,1.782,24.55,139.7,1.0,13.0,0.404438081603436,0.0026855775406061312
ESO079-G014,-2.0000000000000027,-2.2046268390281876,-0.2046268390281849,0.2046268390281849,-1,-1,1,neg,0,0,1,4.0,1.7137676639043045,51.733,28.7,0.49692964807321494,3.14,17.67,175.0,1.0,15.0,0.3471428571428571,0.023491596256612648
ESO563-G021,4.0,-3.016491841803152,-7.016491841803152,7.016491841803152,1,-1,0,neg,0,1,0,4.0,2.4930074895315832,311.177,60.8,1.3855705277254657,24.298,55.71,314.6,1.0,30.0,0.30689764780673867,0.01912233473436009
