name,logM200,Type,Dist,i,L36,Reff,SBeff,Rdisk,SBdisk,MHI,RHI,Vflat,e_Vflat,Qual,n_points_used,s_inner,active_shape_gate,delta_R1,alpha_v_best,ratio_v_best,Areq_v_best,at_lower_bound,at_upper_bound,chi2_ref,chi2_best,delta_chi2_best,red_chi2_ref_like,red_chi2_best_like
UGCA444,10.06,10,0.98,78.0,0.012,0.41,11.94,0.83,22.74,0.067,2.08,37.0,4.8,2,36,0.3621621621621621,1,-0.0006297790889632219,2.0,0.9987404418220736,-2.000000000000002,0,1,7.3659197166594215,7.362710670388184,-0.0032090462712375256,0.21045484904741205,0.21036316201109098
KK98-251,10.35,10,6.8,59.0,0.085,1.28,7.89,1.34,52.1,0.115,2.9,33.7,1.6,2,15,0.3649851632047478,1,-0.006956912999538299,2.0,0.9860861740009234,-2.0000000000000067,0,1,53.4485344012404,51.25455234144988,-2.193982059790521,3.817752457231457,3.6610394529607055
DDO064,10.54,10,6.8,60.0,0.157,1.2,17.41,0.69,151.65,0.211,3.49,46.1,3.9,1,14,0.30151843817787416,1,-0.023733661375545608,-1.2624999999999997,1.0299637474866263,1.2625000000000002,0,0,9.579508428025752,9.46004165591984,-0.11946677210591261,0.7368852636942886,0.7276955119938339
UGC09992,10.63,10,10.7,30.0,0.336,1.62,20.18,1.04,73.25,0.318,5.45,33.6,3.3,2,5,0.8363095238095238,0,-0.03820939196109405,0.0,1.0,0.0,0,0,36.48712695665881,36.48712695665881,0.0,9.121781739164703,9.121781739164703
UGCA442,10.65,9,4.35,64.0,0.14,1.71,7.6,1.18,116.1,0.263,4.37,56.4,2.1,1,8,0.25177304964539005,1,-0.04196568675075777,-1.9625,1.0823576602483622,1.9625000000000024,0,0,44.305710170238314,19.554076831483993,-24.75163333875432,6.329387167176902,2.7934395473548563
DDO170,10.67,10,15.4,66.0,0.543,3.03,9.39,1.95,73.93,0.735,9.14,60.0,1.6,2,8,0.46166666666666667,0,-0.04572198154042143,0.0,1.0,0.0,0,0,93.1561427064817,93.1561427064817,0.0,13.308020386640242,13.308020386640242
DDO168,10.68,10,4.25,63.0,0.191,1.29,18.23,1.02,92.22,0.413,4.3,53.4,1.9,2,10,0.3595505617977528,1,-0.047643267111271155,0.9250000000000007,0.9559299779220741,-0.9250000000000012,0,0,129.08081428234448,126.07307337628838,-3.0077409060560996,14.342312698038276,14.008119264032041
D631-7,10.71,10,7.72,59.0,0.196,1.22,20.93,0.7,115.04,0.29,0.0,57.7,2.7,1,16,0.1457538994800693,1,-0.05512606498438256,-0.08749999999999991,1.0048235306861335,0.08750000000000055,0,0,137.24984925793663,137.20931981894512,-0.040529438991512734,9.14998995052911,9.147287987929674
UGC07125,10.71,9,19.8,90.0,2.712,3.92,28.11,3.38,103.0,4.629,23.04,65.2,2.1,1,13,0.5299079754601227,0,-0.05512606498438256,0.0,1.0,0.0,0,0,369.1206147882594,369.1206147882594,0.0,30.76005123235495,30.76005123235495
UGC00731,10.73,10,12.5,57.0,0.323,1.4,25.63,2.3,82.57,1.807,11.57,73.3,2.3,1,12,0.5061391541609823,0,-0.06037472105388475,0.0,1.0,0.0,0,0,8.049492571176463,8.049492571176463,0.0,0.7317720519251331,0.7317720519251331
UGC01281,10.74,8,5.27,90.0,0.353,2.01,13.83,1.63,135.78,0.294,5.26,55.2,3.5,1,25,0.3115942028985507,1,-0.06299904908863589,-0.7249999999999996,1.045674310589261,0.7249999999999992,0,0,42.20371035950544,41.30915168630469,-0.8945586732007555,1.7584879316460602,1.7212146535960287
UGC08490,10.74,9,4.65,50.0,1.017,1.14,124.98,0.67,576.54,0.72,7.8,78.6,3.8,1,30,0.49363867684478374,0,-0.06299904908863589,0.0,1.0,0.0,0,0,25.65288912348743,25.65288912348743,0.0,0.884582383568532,0.884582383568532
UGC05716,10.76,9,21.3,54.0,0.588,1.84,27.59,1.14,90.54,1.094,10.64,73.1,1.2,2,12,0.5355677154582763,0,-0.06824770515813809,0.0,1.0,0.0,0,0,147.11744068175778,147.11744068175778,0.0,13.374312789250707,13.374312789250707
UGC07603,10.77,7,4.7,78.0,0.376,0.85,81.81,0.53,520.99,0.258,4.37,61.6,2.8,1,12,0.3181818181818182,1,-0.07087203319288925,-1.8125,1.1284555601621118,1.8125000000000004,0,0,32.17383190517879,14.978872314070701,-17.194959591108088,2.924893809561708,1.3617156649155182
UGC05721,10.79,7,6.18,61.0,0.531,0.6,233.79,0.38,913.76,0.562,6.74,79.7,6.6,1,23,0.3450439146800502,1,-0.07628973933673017,-1.375,1.104898391588004,1.3749999999999998,0,0,75.23409896609316,55.04687889000072,-20.187220076092437,3.4197317711860524,2.5021308586363964
NGC2915,10.82,11,4.06,56.0,0.641,0.53,347.4,0.55,313.93,0.508,7.16,83.5,6.3,2,30,0.16167664670658682,1,-0.08582760599722244,-0.5124999999999997,1.0439866480735764,0.5124999999999993,0,0,29.628758367508837,25.53989129690607,-4.088867070602767,1.021681323017546,0.8806859067898645
UGC12632,10.84,9,9.77,46.0,1.301,3.94,13.09,2.42,66.81,1.744,12.6,71.7,2.8,1,15,0.4686192468619247,0,-0.09241973970361805,0.0,1.0,0.0,0,0,22.161484001048642,22.161484001048642,0.0,1.5829631429320459,1.5829631429320459
DDO161,10.87,10,7.5,70.0,0.548,2.04,20.74,1.22,169.37,1.378,10.69,66.3,1.9,1,31,0.2805429864253394,1,-0.10230794026321141,1.1875,0.8785093209374364,-1.1875000000000007,0,0,501.65217741205515,169.28727088893467,-332.36490652312045,16.721739247068506,5.642909029631156
UGC08286,10.87,6,6.5,90.0,1.255,2.25,39.52,1.05,1488.78,0.642,8.07,82.4,2.3,1,17,0.39805825242718446,1,-0.10230794026321141,-0.012499999999999734,1.00127884925329,0.012499999999998864,0,0,37.32343693438189,37.31099364144439,-0.012443292937497574,2.332714808398868,2.3319371025902744
NGC4214,10.89,10,2.87,15.0,1.141,0.7,363.77,0.51,1308.67,0.486,5.84,80.1,5.8,2,14,0.6928838951310862,0,-0.10890991765359856,0.0,1.0,0.0,0,0,94.68663878492214,94.68663878492214,0.0,7.283587598840165,7.283587598840165
UGC06446,10.89,7,12.0,51.0,0.988,2.06,37.05,1.49,86.46,1.379,10.33,82.2,4.3,1,17,0.5237226277372262,0,-0.10890991765359856,0.0,1.0,0.0,0,0,9.801885907117033,9.801885907117033,0.0,0.6126178691948145,0.6126178691948145
UGC06818,10.89,9,18.0,75.0,1.588,2.12,56.08,1.39,286.31,1.079,6.96,71.2,4.0,2,8,0.3286516853932584,1,-0.10890991765359856,0.5625,0.9387381713198508,-0.5624999999999999,0,0,32.58232167765277,31.651815155714278,-0.9305065219384936,4.654617382521825,4.521687879387754
UGC04499,10.91,8,12.5,50.0,1.552,2.69,33.79,1.73,127.3,1.1,8.67,72.8,2.4,1,9,0.35714285714285715,1,-0.11586464575478443,0.40000000000000036,0.9536541416980862,-0.40000000000000063,0,0,11.35237003922264,8.397053142884118,-2.9553168963385215,1.41904625490283,1.0496316428605148
UGC02259,10.93,8,10.5,41.0,1.725,2.4,47.08,1.62,172.52,0.494,7.28,86.2,2.9,2,8,0.6508120649651972,0,-0.12326174268006071,0.0,1.0,0.0,0,0,24.830887810221707,24.830887810221707,0.0,3.5472696871745297,3.5472696871745297
UGC10310,10.97,9,15.2,34.0,1.741,3.12,28.37,1.8,158.79,1.196,9.58,71.4,3.9,1,7,0.4649859943977591,0,-0.1380559365306139,0.0,1.0,0.0,0,0,7.116463222652071,7.116463222652071,0.0,1.1860772037753453,1.1860772037753453
F571-V1,10.99,7,80.1,30.0,1.849,4.38,15.3,2.47,64.39,1.217,10.1,83.6,3.5,2,7,0.3827751196172249,1,-0.14545303345589017,-0.2749999999999999,1.0399995842003698,0.2749999999999997,0,0,3.1914630075893764,2.660688575621628,-0.5307744319677483,0.531910501264896,0.443448095936938
UGC07261,10.99,8,13.1,30.0,1.753,2.66,39.16,1.2,566.02,1.388,10.1,74.7,3.4,2,7,0.6265060240963854,0,-0.14545303345589017,0.0,1.0,0.0,0,0,2.6669672992733178,2.6669672992733178,0.0,0.4444945498788863,0.4444945498788863
F583-1,11.02,9,35.4,63.0,0.986,3.74,11.19,2.36,60.93,2.126,15.65,85.8,3.6,1,25,0.2738927738927739,1,-0.15653328627846244,-1.0,1.1565332862784625,1.0000000000000004,0,0,58.23188688244908,40.246689323212784,-17.985197559236298,2.426328620102045,1.6769453884671994
UGC04325,11.04,9,9.6,41.0,2.026,2.79,41.0,1.86,213.22,0.678,6.61,90.9,2.7,1,8,0.605060506050605,0,-0.16390307088911477,0.0,1.0,0.0,0,0,35.16596044548128,35.16596044548128,0.0,5.023708635068755,5.023708635068755
F563-1,11.05,9,48.9,25.0,1.903,4.61,14.22,3.52,41.77,3.2,23.47,109.9,12.5,1,17,0.6251137397634212,0,-0.16758793443877867,0.0,1.0,0.0,0,0,65.94963334406489,65.94963334406489,0.0,4.121852084004056,4.121852084004056
NGC3109,11.06,9,1.33,70.0,0.194,1.64,11.4,1.56,140.87,0.477,6.0,66.2,2.6,1,25,0.25679758308157097,1,-0.17127279798844194,-1.775,1.3040092164294843,1.7749999999999992,0,0,395.7511450713394,278.3434776513271,-117.40766742001233,16.489631044639143,11.597644902138628
UGC06923,11.06,10,18.0,65.0,2.89,1.66,166.28,1.44,347.4,0.809,6.75,79.6,2.5,2,6,0.5087939698492463,0,-0.17127279798844194,0.0,1.0,0.0,0,0,4.762990811408219,4.762990811408219,0.0,0.9525981622816438,0.9525981622816438
UGC07524,11.07,9,4.74,46.0,2.436,3.61,29.71,3.46,106.86,1.779,12.11,79.5,3.6,1,31,0.5018867924528302,0,-0.17495766153810519,0.0,1.0,0.0,0,0,27.80810715870201,27.80810715870201,0.0,0.926936905290067,0.926936905290067
UGC07151,11.08,6,6.87,90.0,2.284,2.17,76.71,1.25,965.67,0.616,6.39,73.5,2.8,1,11,0.45034013605442175,0,-0.17864252508776837,0.0,1.0,0.0,0,0,22.132737258964198,22.132737258964198,0.0,2.21327372589642,2.21327372589642
UGC06399,11.09,9,18.0,75.0,2.296,3.45,30.82,2.05,311.05,0.674,8.8,85.0,3.8,1,9,0.4176470588235294,1,-0.18232738863743161,-0.2749999999999999,1.0501400318752936,0.2749999999999994,0,0,7.82684399579765,6.380456172585738,-1.4463878232119116,0.9783554994747062,0.7975570215732173
UGC05005,11.11,10,53.7,41.0,4.1,5.02,25.63,3.2,65.59,3.093,21.61,98.9,7.2,1,11,0.23811931243680484,1,-0.18969711573675813,-0.1499999999999999,1.0284545673605137,0.1499999999999997,0,0,10.33146887773841,10.155964453940154,-0.17550442379825526,1.033146887773841,1.0155964453940154
UGC06667,11.11,6,18.0,89.0,1.397,3.5,18.06,5.15,614.94,0.809,8.59,83.8,3.1,1,9,0.6801909307875895,0,-0.18969711573675813,0.0,1.0,0.0,0,0,21.255266742924636,21.255266742924636,0.0,2.6569083428655795,2.6569083428655795
F563-V2,11.12,10,59.7,29.0,2.986,4.49,23.6,2.43,146.16,2.169,11.37,116.6,9.4,1,10,0.5017152658662093,0,-0.1931560101229261,0.0,1.0,0.0,0,0,46.36368618345514,46.36368618345514,0.0,5.151520687050571,5.151520687050571
NGC0300,11.12,7,2.08,42.0,2.922,1.77,147.51,1.75,437.35,0.936,9.2,93.3,7.0,2,25,0.4276527331189711,1,-0.1931560101229261,-1.6875,1.3259507670824378,1.6874999999999998,0,0,290.1541789590238,15.76897697022174,-274.38520198880207,12.08975745662599,0.6570407070925725
NGC2976,11.12,5,3.58,61.0,3.371,1.31,308.2,1.01,1502.55,0.172,3.04,85.4,3.3,2,27,0.3360655737704918,1,-0.1931560101229261,-2.5625,1.494962275939998,2.5624999999999996,0,0,63.32580335567205,40.85119751522282,-22.47460584044923,2.435607821372002,1.571199904431647
UGC06628,11.12,9,15.1,20.0,3.739,4.14,34.74,2.82,103.0,1.5,10.47,41.8,6.4,2,7,0.7763157894736843,0,-0.1931560101229261,0.0,1.0,0.0,0,0,116.9328547815774,116.9328547815774,0.0,19.4888091302629,19.4888091302629
UGC07399,11.13,8,8.43,55.0,1.156,1.27,113.98,1.64,135.78,0.745,7.85,103.0,3.3,1,10,0.5713592233009709,0,-0.19647912440913123,0.0,1.0,0.0,0,0,172.7727662109641,172.7727662109641,0.0,19.196974023440458,19.196974023440458
UGC04278,11.15,7,9.51,90.0,1.307,2.46,34.11,2.21,377.42,1.116,8.9,91.4,4.8,1,25,0.3648796498905908,1,-0.20295553194381213,-1.5625,1.3171180186622065,1.5625,0,0,113.19618503916013,51.28867103669957,-61.90751400246056,4.716507709965005,2.137027959862482
F568-V1,11.16,7,80.6,40.0,3.825,4.4,31.39,2.85,90.54,2.491,14.38,112.3,15.8,1,15,0.5138023152270703,0,-0.2061937357111526,0.0,1.0,0.0,0,0,45.35564472229052,45.35564472229052,0.0,3.239688908735037,3.239688908735037
IC2574,11.19,9,3.91,75.0,1.016,3.18,15.88,2.78,80.32,1.036,10.81,66.4,2.0,2,34,0.28012048192771083,1,-0.21590834701317407,-3.375,1.7286906711694625,3.375,0,0,2944.6126116174855,1144.2388917263297,-1800.3737198911558,89.23068520052986,34.67390580988878
NGC0100,11.19,6,13.5,89.0,3.232,2.81,64.99,1.66,1193.52,1.99,16.36,88.1,6.4,1,21,0.300794551645857,1,-0.21590834701317407,-0.16249999999999964,1.0350851063896407,0.16249999999999953,0,0,31.44745350016096,30.1593285034077,-1.288124996753261,1.572372675008048,1.507966425170385
NGC4183,11.22,6,18.0,82.0,10.838,4.47,86.46,2.79,1098.58,3.506,16.07,110.6,5.4,1,23,0.5958408679927668,0,-0.22546209261114408,0.0,1.0,0.0,0,0,5.896716395601658,5.896716395601658,0.0,0.268032563436439,0.268032563436439
UGC06983,11.23,6,18.0,49.0,5.298,3.95,53.56,3.21,121.57,2.967,16.07,109.0,5.8,1,17,0.6619266055045872,0,-0.22773912379677475,0.0,1.0,0.0,0,0,11.70957252467961,11.70957252467961,0.0,0.7318482827924756,0.7318482827924756
NGC6503,11.24,6,6.26,74.0,12.845,1.62,774.16,2.16,398.87,1.744,14.05,116.3,2.4,1,31,0.7609630266552021,0,-0.22951433180492242,0.0,1.0,0.0,0,0,41.32893286059699,41.32893286059699,0.0,1.3776310953532331,1.3776310953532331
NGC5585,11.26,7,7.06,51.0,2.943,2.27,90.54,1.53,297.05,1.683,10.92,90.3,2.4,1,24,0.37320044296788485,1,-0.23256919743345358,-0.8874999999999997,1.2064051627221901,0.8875000000000003,0,0,427.6385205442007,133.40883844835437,-294.22968209584633,18.59297915409568,5.800384280363233
F574-1,11.27,7,96.8,65.0,6.537,5.87,29.98,4.46,128.48,3.524,16.19,97.8,4.1,1,14,0.6206543967280164,0,-0.23409663024771912,0.0,1.0,0.0,0,0,23.926177048896392,23.926177048896392,0.0,1.8404751576074148,1.8404751576074148
NGC0055,11.27,9,2.11,77.0,4.628,3.67,54.55,6.11,391.59,1.565,10.24,85.6,5.0,2,21,0.6320093457943926,0,-0.23409663024771912,0.0,1.0,0.0,0,0,71.52778197699212,71.52778197699212,0.0,3.5763890988496057,3.5763890988496057
UGC01230,11.28,9,53.7,22.0,7.62,6.45,28.63,4.34,69.32,6.43,26.29,103.7,6.1,1,11,0.5342333654773385,0,-0.23562406306198463,0.0,1.0,0.0,0,0,10.575829706108307,10.575829706108307,0.0,1.0575829706108306,1.0575829706108306
UGC06930,11.29,7,18.0,32.0,8.932,4.38,73.93,3.94,189.16,3.237,16.76,107.2,5.1,1,10,0.6534514925373134,0,-0.2371514958762502,0.0,1.0,0.0,0,0,3.4069111918327253,3.4069111918327253,0.0,0.3785456879814139,0.3785456879814139
NGC0024,11.3,5,7.3,64.0,3.889,2.01,151.65,1.34,1182.58,0.676,7.29,106.3,7.9,1,29,0.5964252116650988,0,-0.23867892869051607,0.0,1.0,0.0,0,0,25.126074528041876,25.126074528041876,0.0,0.8973598045729242,0.8973598045729242
UGC06917,11.32,9,18.0,56.0,6.832,4.52,53.07,2.76,261.11,2.023,12.67,108.7,3.5,1,11,0.5998160073597056,0,-0.2417337943190472,0.0,1.0,0.0,0,0,12.206891030735202,12.206891030735202,0.0,1.22068910307352,1.22068910307352
F579-V1,11.33,5,89.5,26.0,11.848,5.76,56.6,3.37,201.76,2.245,20.96,112.1,13.4,1,14,0.7917038358608386,0,-0.2419290076123928,0.0,1.0,0.0,0,0,10.198330368221352,10.198330368221352,0.0,0.7844869514016425,0.7844869514016425
NGC0247,11.38,7,3.7,74.0,7.332,5.87,33.79,3.74,506.79,1.746,12.79,104.9,8.0,2,26,0.5633937082936129,0,-0.22452640152746403,0.0,1.0,0.0,0,0,44.8035621483742,44.8035621483742,0.0,1.792142485934968,1.792142485934968
NGC2403,11.39,6,3.16,63.0,10.041,2.16,341.06,1.39,1408.74,3.199,15.11,131.2,4.9,1,73,0.5464939024390244,0,-0.220450237806731,0.0,1.0,0.0,0,0,12287.745823471121,12287.745823471121,0.0,170.6631364370989,170.6631364370989
NGC3769,11.42,3,18.0,70.0,18.679,2.18,626.37,3.38,160.26,5.529,22.57,118.6,8.4,2,12,0.7377740303541316,0,-0.20822174664453183,0.0,1.0,0.0,0,0,7.687079216373335,7.687079216373335,0.0,0.6988253833066668,0.6988253833066668
NGC4559,11.43,6,9.0,67.0,19.377,3.82,211.27,2.1,1602.62,5.811,21.16,121.2,5.1,1,32,0.5297029702970297,0,-0.2040637503302005,0.0,1.0,0.0,0,0,28.772383985037216,28.772383985037216,0.0,0.9281414188721683,0.9281414188721683
NGC6015,11.47,6,17.0,60.0,32.129,3.92,331.76,2.3,1926.77,5.834,21.43,154.1,7.0,2,44,0.6317326411421156,0,-0.17892049950776423,0.0,1.0,0.0,0,0,469.3866225083923,469.3866225083923,0.0,10.915967965311449,10.915967965311449
UGC00128,11.48,8,64.5,57.0,12.02,9.63,20.36,5.95,88.89,7.431,31.27,129.3,2.8,1,22,0.4350348027842227,1,-0.17176990354758298,-0.34999999999999964,1.060119466241654,0.34999999999999964,0,0,759.5545562898905,62.663412783488425,-696.891143506402,36.16926458523288,2.9839720373089724
ESO116-G012,11.5,7,13.0,74.0,4.292,2.75,90.54,1.51,1320.78,1.083,9.58,109.1,3.1,1,15,0.36663611365719523,1,-0.15746871162722054,-1.975,1.3110007054637607,1.9750000000000008,0,0,326.68128999778224,32.65473832735108,-294.02655167043116,23.334377856984446,2.3324813090965058
UGC03580,11.5,1,20.7,63.0,13.266,1.84,614.94,2.43,302.57,4.37,19.97,126.2,3.2,2,47,0.5562599049128367,0,-0.15746871162722054,0.0,1.0,0.0,0,0,5085.611213086994,5085.611213086994,0.0,110.55676550189118,110.55676550189118
NGC4085,11.51,5,18.0,82.0,21.724,2.0,856.7,1.65,5021.46,1.349,10.16,131.5,4.8,2,7,0.3209125475285171,1,-0.15031811566703931,-0.08749999999999991,1.0131528351208658,0.08749999999999938,0,0,30.603825092497843,30.568297108002472,-0.035527984495370646,5.100637515416307,5.094716184667079
NGC3972,11.57,4,18.0,77.0,14.353,3.73,164.75,2.18,1587.93,1.214,10.05,132.7,2.9,1,10,0.4242652599849285,1,-0.11325376076953424,-0.8999999999999999,1.101928384692581,0.9000000000000009,0,0,20.056689274293017,12.568543855591424,-7.488145418701594,2.228521030477002,1.3965048728434915
NGC1003,11.58,6,11.4,67.0,6.82,2.76,140.87,1.61,1345.33,5.88,33.33,109.8,4.2,1,36,0.42805100182149364,1,-0.10888810280367169,0.125,0.986388987149541,-0.12499999999999999,0,0,90.9594220229888,86.57784448357108,-4.381577539417719,2.5988406292282513,2.4736526995306023
NGC4010,11.59,7,18.0,89.0,17.193,6.63,14.75,2.81,2611.14,2.832,17.59,125.8,4.7,2,12,0.43402225755166934,1,-0.1045224448378092,-0.5,1.0522612224189045,0.4999999999999992,0,0,32.33550904722531,30.18611855627458,-2.1493904909507293,2.9395917315659372,2.744192596024962
NGC2903,11.64,4,6.6,66.0,81.863,4.54,632.16,2.33,1193.52,2.552,13.76,184.6,5.6,1,34,0.8017334777898159,0,-0.08269415500849589,0.0,1.0,0.0,0,0,193.69792847633565,193.69792847633565,0.0,5.869634196252595,5.869634196252595
NGC3198,11.64,5,13.8,73.0,38.279,5.84,178.99,3.14,1602.62,10.869,35.66,150.1,3.9,1,43,0.45836109260493,0,-0.08269415500849589,0.0,1.0,0.0,0,0,59.04352554267138,59.04352554267138,0.0,1.4057982272064615,1.4057982272064615
NGC3877,11.68,5,18.0,76.0,72.535,4.39,598.18,2.53,3410.59,1.483,11.47,168.4,5.1,2,13,0.3500593824228028,1,-0.06860904018841506,0.6000000000000005,0.958834575886951,-0.5999999999999998,0,0,54.959755575633785,51.602427370041354,-3.357328205592431,4.579979631302815,4.300202280836779
UGC05986,11.69,9,8.63,90.0,4.695,3.12,76.71,1.67,1725.16,2.667,16.53,113.0,4.1,2,15,0.3553097345132743,1,-0.06571703103476119,-4.0,1.2628681241390447,3.999999999999999,1,0,750.1032859264576,296.3827485612355,-453.7205373652221,53.57880613760411,21.170196325802532
NGC3949,11.7,4,18.0,55.0,38.067,2.39,1058.84,3.59,185.71,3.371,13.72,163.0,7.1,2,7,0.8895705521472392,0,-0.0628250218811073,0.0,1.0,0.0,0,0,2.7584641148511273,2.7584641148511273,0.0,0.45974401914185453,0.45974401914185453
NGC1090,11.71,4,37.0,64.0,72.045,6.36,283.68,3.53,2055.09,8.783,30.49,164.4,3.7,1,24,0.3753041362530414,1,-0.059933012727452877,1.0,0.9400669872725471,-1.0000000000000002,0,0,137.27144850028222,65.23603554710758,-72.03541295317464,5.968323847838358,2.8363493716133727
NGC5055,11.72,4,9.9,55.0,152.922,4.18,1383.02,3.2,3348.34,11.722,35.06,179.0,4.9,1,28,0.9497206703910615,0,-0.057041003573798994,0.0,1.0,0.0,0,0,6857.680108862435,6857.680108862435,0.0,253.9881521800902,253.9881521800902
NGC5371,11.75,4,39.7,53.0,340.393,9.8,560.83,7.44,1395.82,11.18,30.03,209.5,3.9,1,19,1.026252983293556,0,-0.048364976112837306,0.0,1.0,0.0,0,0,91.70281344163617,91.70281344163617,0.0,5.094600746757565,5.094600746757565
NGC3917,11.76,6,18.0,79.0,21.966,5.56,112.94,2.63,1226.96,1.888,14.08,135.9,4.1,1,17,0.36497424576894777,1,-0.0455722398681809,-2.6875,1.1224753946457362,2.6875000000000004,0,0,67.52762152696738,49.02571866582946,-18.50190286113792,4.220476345435461,3.064107416614341
NGC6946,11.8,6,5.52,38.0,66.173,4.2,571.26,2.44,2232.7,5.67,21.25,158.9,10.9,1,58,0.8244178728760226,0,-0.03678313459239754,0.0,1.0,0.0,0,0,174.86349810117994,174.86349810117994,0.0,3.0677806684417535,3.0677806684417535
NGC0289,11.81,4,20.8,46.0,72.065,2.69,1587.93,6.74,69.96,27.469,49.51,163.0,8.0,2,28,1.0736196319018405,0,-0.03471649546197157,0.0,1.0,0.0,0,0,85.52129414687758,85.52129414687758,0.0,3.1674553387732436,3.1674553387732436
UGC03546,11.85,1,28.7,55.0,101.336,2.58,2403.42,3.79,922.21,2.675,18.37,196.9,7.4,1,30,1.127475876079228,0,-0.02644993894026776,0.0,1.0,0.0,0,0,515.7772663493024,515.7772663493024,0.0,17.785422977562153,17.785422977562153
NGC5033,11.88,5,15.7,66.0,110.509,2.94,2036.24,5.16,614.94,11.314,29.53,194.2,3.6,1,22,1.101956745623069,0,-0.02060813823686431,0.0,1.0,0.0,0,0,75.03964220019517,75.03964220019517,0.0,3.5733162952473894,3.5733162952473894
NGC5907,11.88,5,17.3,88.0,175.425,7.88,449.6,5.34,8646.29,21.025,0.0,215.0,2.9,1,19,0.9953488372093023,0,-0.02060813823686431,0.0,1.0,0.0,0,0,77.55249637356778,77.55249637356778,0.0,4.308472020753765,4.308472020753765
NGC4051,11.9,4,18.0,49.0,95.268,6.87,319.76,4.65,1320.78,2.697,15.13,157.0,5.5,2,7,0.7547770700636942,0,-0.01752444742073287,0.0,1.0,0.0,0,0,17.930036270049513,17.930036270049513,0.0,2.9883393783415855,2.9883393783415855
NGC0891,11.92,3,9.91,90.0,138.34,3.68,1617.45,2.55,5067.92,4.462,18.16,216.1,5.7,1,18,0.985654789449329,0,-0.01444075660460143,0.0,1.0,0.0,0,0,63.54695453479634,63.54695453479634,0.0,3.738056149105667,3.738056149105667
NGC4088,11.93,4,18.0,69.0,107.286,6.1,457.96,2.58,3988.69,8.226,22.25,171.7,6.9,1,12,0.4944670937682004,0,-0.012898911196535726,0.0,1.0,0.0,0,0,31.960350507514132,31.960350507514132,0.0,2.905486409774012,2.905486409774012
NGC3893,11.94,5,18.0,49.0,58.525,2.43,1573.37,2.38,2055.09,5.799,20.84,174.0,8.9,1,10,0.8333333333333334,0,-0.011357065788470011,0.0,1.0,0.0,0,0,12.723250479827776,12.723250479827776,0.0,1.4136944977586419,1.4136944977586419
UGC02916,11.94,2,65.4,50.0,124.153,2.8,2425.66,6.15,520.99,23.273,34.24,182.7,6.9,2,43,1.1330049261083746,0,-0.011357065788470011,0.0,1.0,0.0,0,0,1281.453834044871,1281.453834044871,0.0,30.510805572496928,30.510805572496928
IC4202,11.95,4,100.4,90.0,179.749,8.55,391.59,4.78,8888.53,12.326,32.13,242.6,11.0,1,32,0.5585325638911789,0,-0.009815220380404267,0.0,1.0,0.0,0,0,1339.3564804568807,1339.3564804568807,0.0,43.20504775667357,43.20504775667357
NGC2998,12.0,5,68.1,58.0,150.902,7.06,479.55,6.2,774.16,23.451,43.58,209.9,8.1,1,13,0.7050976655550262,0,-0.0029025266763196,0.0,1.0,0.0,0,0,27.843213585848623,27.843213585848623,0.0,2.3202677988207188,2.3202677988207188
UGC08699,12.0,2,39.3,73.0,50.302,1.91,2191.95,3.09,1370.35,3.738,19.05,182.4,6.9,2,41,1.0635964912280702,0,-0.0029025266763196,0.0,1.0,0.0,0,0,222.04025656182162,222.04025656182162,0.0,5.55100641404554,5.55100641404554
NGC7814,12.04,2,14.4,90.0,74.529,2.08,2709.13,2.54,2635.3,1.07,12.15,218.9,7.0,1,18,1.176336226587483,0,0.0015679566972208504,0.0,1.0,0.0,0,0,13.416075645714619,13.416075645714619,0.0,0.7891809203361541,0.7891809203361541
F571-8,12.05,5,53.3,85.0,10.164,1.4,825.71,3.56,87.26,1.782,24.55,139.7,4.3,1,13,0.404438081603436,1,0.0026855775406061312,2.0,1.0053711550812123,-2.0000000000000253,0,1,78.13378182338685,77.82770767586375,-0.30607414752310547,6.511148485282238,6.485642306321979
UGC05253,12.08,2,22.9,37.0,171.582,4.28,1488.78,8.07,189.16,16.396,36.64,213.7,7.1,2,73,1.1511464670098268,0,0.006038440070761372,0.0,1.0,0.0,0,0,4160.645888250611,4160.645888250611,0.0,57.786748447925156,57.786748447925156
UGC06786,12.08,0,29.3,64.0,73.407,3.42,992.73,3.6,1078.52,5.03,20.31,219.4,7.8,1,45,0.8204193254329991,0,0.006038440070761372,0.0,1.0,0.0,0,0,112.1775170052138,112.1775170052138,0.0,2.5494890228457683,2.5494890228457683
UGC12506,12.08,6,100.6,86.0,139.571,12.36,144.82,7.38,5608.28,35.556,59.01,234.0,16.8,2,31,0.7542735042735043,0,0.006038440070761372,0.0,1.0,0.0,0,0,8.106594251746813,8.106594251746813,0.0,0.27021980839156046,0.27021980839156046
UGC09037,12.1,6,83.6,65.0,68.614,5.69,334.83,4.28,841.07,19.078,39.72,152.3,9.6,2,22,0.49376231122783976,0,0.007863446418780892,0.0,1.0,0.0,0,0,111.51810881064421,111.51810881064421,0.0,5.3103861338402005,5.3103861338402005
NGC4157,12.13,3,18.0,82.0,105.62,4.44,848.85,2.32,23813.87,8.226,24.09,184.7,7.2,1,17,0.5219274499187873,0,0.010111736812795643,0.0,1.0,0.0,0,0,22.239491589704848,22.239491589704848,0.0,1.389968224356553,1.389968224356553
UGC09133,12.16,2,57.1,53.0,282.926,5.92,1284.78,6.97,864.63,33.428,60.35,226.8,4.2,1,68,1.2345679012345678,0,0.012348814595571928,0.0,1.0,0.0,0,0,1426.1219627493103,1426.1219627493103,0.0,21.285402429094184,21.285402429094184
NGC4217,12.17,3,18.0,86.0,85.299,5.28,483.98,2.94,4373.51,2.562,16.7,181.3,7.2,1,19,0.5455046883618312,0,0.013094507189830677,0.0,1.0,0.0,0,0,56.495408848905996,56.495408848905996,0.0,3.138633824939222,3.138633824939222
NGC3953,12.19,4,18.0,62.0,141.301,6.17,587.26,4.89,1999.08,2.832,17.38,220.8,6.1,1,8,0.8197463768115941,0,0.01458589237834815,0.0,1.0,0.0,0,0,10.666770619664135,10.666770619664135,0.0,1.5238243742377335,1.5238243742377335
NGC5985,12.2,3,39.7,60.0,208.728,10.71,288.95,7.01,1461.61,11.586,39.5,293.6,8.6,1,33,0.8446866485013623,0,0.015205059571201824,0.0,1.0,0.0,0,0,64.55897058908569,64.55897058908569,0.0,2.017467830908928,2.017467830908928
UGC02953,12.24,2,16.5,50.0,259.518,5.03,1544.65,3.55,4215.31,7.678,24.0,264.9,6.0,2,115,0.911664779161948,0,0.017268360700766115,0.0,1.0,0.0,0,0,8473.976834516328,8473.976834516328,0.0,74.33313012733622,74.33313012733622
UGC03205,12.27,2,50.0,67.0,113.642,5.35,587.26,3.19,3915.89,9.677,28.6,219.6,8.6,1,48,0.662568306010929,0,0.018770216251489384,0.0,1.0,0.0,0,0,351.5918611844414,351.5918611844414,0.0,7.480677897541307,7.480677897541307
NGC0801,12.33,5,80.7,80.0,312.57,7.76,818.14,8.72,1558.94,23.201,44.99,220.1,6.2,1,13,0.93139482053612,0,0.021308858693898973,0.0,1.0,0.0,0,0,293.8990231380477,293.8990231380477,0.0,24.491585261503975,24.491585261503975
ESO079-G014,12.4,4,28.7,79.0,51.733,7.23,157.34,5.08,2295.25,3.14,17.67,175.0,3.5,1,15,0.3471428571428571,1,0.023491596256612648,2.0,1.0469831925132254,-2.0000000000000027,0,1,93.6885375388641,62.20830536794864,-31.480232170915457,6.6920383956331495,4.443450383424903
NGC7331,12.41,3,14.7,75.0,250.631,3.99,2470.76,5.02,1806.47,11.067,27.01,239.0,5.4,1,36,1.0418410041841004,0,0.023770989093661682,0.0,1.0,0.0,0,0,422.3765014662123,422.3765014662123,0.0,12.06790004189178,12.06790004189178
NGC3521,12.44,4,7.7,75.0,84.836,2.45,2232.7,2.4,2112.66,4.154,18.85,213.7,15.9,1,41,0.9124941506785214,0,0.024259916733096246,0.0,1.0,0.0,0,0,18.000891300923435,18.000891300923435,0.0,0.45002228252308585,0.45002228252308585
NGC2841,12.57,3,14.1,76.0,188.121,5.51,983.63,3.64,4751.49,9.775,45.12,284.8,8.6,1,50,1.0007022471910112,0,0.02492596056568113,0.0,1.0,0.0,0,0,237.6898461497383,237.6898461497383,0.0,4.8508131867293525,4.8508131867293525
UGC06614,12.62,1,88.7,36.0,124.35,3.68,1461.61,5.1,540.54,21.888,60.63,199.8,16.0,1,13,0.970970970970971,0,0.024507217459817467,0.0,1.0,0.0,0,0,203.4359377487302,203.4359377487302,0.0,16.952994812394184,16.952994812394184
UGC02885,12.68,5,80.6,64.0,403.525,12.2,421.53,11.4,470.79,40.075,74.24,289.5,12.0,1,19,0.8877374784110535,0,0.0233755452971613,0.0,1.0,0.0,0,0,12.59161889881249,12.59161889881249,0.0,0.6995343832673605,0.6995343832673605
NGC6195,12.71,3,127.8,62.0,391.076,9.52,686.8,13.94,174.11,20.907,40.89,251.7,9.3,1,23,0.9614620580055622,0,0.022750453552349417,0.0,1.0,0.0,0,0,341.8097633801332,341.8097633801332,0.0,15.53680742636969,15.53680742636969
NGC6674,12.81,3,51.2,54.0,214.654,7.75,560.83,6.04,1370.35,32.165,50.02,241.3,4.9,1,15,0.8537090758392043,0,0.020128709135731063,0.0,1.0,0.0,0,0,228.753743667283,228.753743667283,0.0,16.339553119091644,16.339553119091644
NGC5005,12.93,4,16.9,68.0,178.72,3.97,1789.91,9.45,96.57,1.28,10.41,262.2,20.7,1,18,0.9839816933638444,0,0.01912233473435987,0.0,1.0,0.0,0,0,2.5519674087236988,2.5519674087236988,0.0,0.15011572992492345,0.15011572992492345
UGC11455,13.01,6,78.6,90.0,374.322,10.06,571.26,5.93,9568.2,13.335,43.44,269.4,7.4,1,36,0.5048255382331106,0,0.01912233473436009,0.0,1.0,0.0,0,0,506.57332898681017,506.57332898681017,0.0,14.473523685337433,14.473523685337433
UGC06787,13.38,2,21.3,66.0,98.256,2.88,1891.6,5.37,429.37,5.03,26.44,248.1,4.8,2,71,0.9552599758162031,0,0.01912233473436009,0.0,1.0,0.0,0,0,29438.194472899864,29438.194472899864,0.0,420.54563532714093,420.54563532714093
ESO563-G021,13.47,4,60.8,83.0,311.177,10.59,429.37,5.45,6558.89,24.298,55.71,314.6,11.7,1,30,0.30689764780673867,1,0.01912233473436009,-4.0,0.9235106610625596,4.0,1,0,534.7708508932022,500.0504856343452,-34.72036525885704,18.44037416873111,17.243120194287766
UGC11914,13.6,2,16.9,31.0,150.028,3.12,2425.66,2.44,3168.33,0.888,9.26,288.1,10.5,1,65,0.9909753557792432,0,0.01912233473436009,0.0,1.0,0.0,0,0,488.5707801908331,488.5707801908331,0.0,7.633918440481767,7.633918440481767
