name,model,Ydisk,e_Ydisk,Ybul,e_Ybul,Dist,e_Dist,inc,e_inc,V200,e_V200,C200,e_C200,rs,e_rs,log_rhos,e_log_rhos,logM200,e_logM200,alpha,e_alpha,chi2_red,has_finite_halo,has_finite_chi2
UGC04483,NFW-LCDM,0.48,0.11,0.0,0.0,3.17,0.29,56.8,3.0,32.04,1.97,7.73,1.17,5.68,0.93,-2.45,0.23,10.02,0.08,0.0,0.0,1.33,1,1
UGCA444,NFW-LCDM,0.51,0.13,0.0,0.0,0.98,0.05,77.4,4.0,33.0,1.88,7.81,0.79,5.79,0.68,-2.44,0.17,10.06,0.07,0.0,0.0,0.23,1,1
UGC07577,NFW-LCDM,0.37,0.08,0.0,0.0,2.42,0.13,58.6,3.1,35.99,2.05,3.44,0.52,14.32,2.32,-3.25,0.23,10.17,0.07,0.0,0.0,3.11,1,1
D564-8,NFW-LCDM,0.45,0.11,0.0,0.0,8.69,0.28,48.7,5.9,36.53,2.14,5.27,1.06,9.49,1.98,-2.84,0.29,10.19,0.08,0.0,0.0,6.7,1,1
CamB,NFW-LCDM,0.35,0.08,0.0,0.0,2.75,0.28,45.2,5.1,37.53,2.35,3.83,0.71,13.41,2.62,-3.15,0.27,10.23,0.08,0.0,0.0,7.92,1,1
PGC51017,NFW-LCDM,0.44,0.11,0.0,0.0,8.04,1.15,62.5,3.2,38.51,2.37,3.43,0.76,15.37,3.53,-3.25,0.32,10.26,0.08,0.0,0.0,22.6,1,1
KK98-251,NFW-LCDM,0.53,0.13,0.0,0.0,5.47,1.03,60.1,4.8,41.11,2.8,4.71,1.17,11.96,3.09,-2.95,0.36,10.35,0.09,0.0,0.0,3.61,1,1
NGC3741,NFW-LCDM,0.55,0.11,0.0,0.0,3.22,0.17,73.0,3.6,42.69,1.91,7.38,0.66,7.92,0.79,-2.5,0.14,10.39,0.06,0.0,0.0,1.74,1,1
UGC07559,NFW-LCDM,0.43,0.1,0.0,0.0,4.81,0.25,58.9,3.0,42.83,2.47,5.29,0.78,11.09,1.75,-2.83,0.22,10.4,0.08,0.0,0.0,1.97,1,1
UGC05764,NFW-LCDM,0.45,0.11,0.0,0.0,9.44,1.76,53.0,5.5,43.78,3.4,16.16,2.19,3.71,0.58,-1.66,0.23,10.43,0.1,0.0,0.0,10.91,1,1
ESO444-G084,NFW-LCDM,0.52,0.12,0.0,0.0,4.83,0.46,42.1,3.6,44.52,2.68,9.6,1.57,6.35,1.11,-2.22,0.24,10.45,0.08,0.0,0.0,4.71,1,1
UGC07866,NFW-LCDM,0.46,0.12,0.0,0.0,4.52,0.23,37.9,4.0,44.44,2.7,7.07,1.46,8.62,1.86,-2.54,0.3,10.45,0.08,0.0,0.0,0.3,1,1
NGC6789,NFW-LCDM,0.55,0.14,0.0,0.0,3.6,0.18,51.8,5.3,45.36,2.74,14.61,2.72,4.25,0.83,-1.77,0.27,10.47,0.08,0.0,0.0,,1,0
UGC07232,NFW-LCDM,0.51,0.12,0.0,0.0,2.84,0.17,60.4,4.6,45.23,2.64,11.35,1.93,5.46,0.98,-2.04,0.25,10.47,0.08,0.0,0.0,,1,0
UGC05918,NFW-LCDM,0.51,0.12,0.0,0.0,5.99,1.57,44.1,4.7,46.24,4.04,8.75,2.2,7.24,1.93,-2.32,0.37,10.5,0.11,0.0,0.0,0.31,1,1
D512-2,NFW-LCDM,0.49,0.12,0.0,0.0,11.05,3.55,51.1,9.2,47.16,4.8,8.43,2.26,7.66,2.19,-2.36,0.4,10.52,0.13,0.0,0.0,,1,0
DDO064,NFW-LCDM,0.5,0.12,0.0,0.0,7.0,1.32,60.1,4.7,47.77,3.4,7.88,1.83,8.3,2.01,-2.43,0.33,10.54,0.09,0.0,0.0,1.05,1,1
UGCA281,NFW-LCDM,0.5,0.11,0.0,0.0,5.63,0.27,66.8,3.0,47.92,2.78,7.42,0.9,8.85,1.2,-2.49,0.19,10.54,0.08,0.0,0.0,1.46,1,1
NGC4068,NFW-LCDM,0.44,0.11,0.0,0.0,4.32,0.22,37.5,3.8,48.73,2.92,6.63,1.38,10.07,2.18,-2.61,0.3,10.57,0.08,0.0,0.0,10.89,1,1
DDO154,NFW-LCDM,0.33,0.05,0.0,0.0,4.24,0.19,70.0,2.6,49.18,1.63,5.83,0.39,11.55,0.87,-2.74,0.11,10.58,0.04,0.0,0.0,16.57,1,1
NGC2366,NFW-LCDM,0.31,0.05,0.0,0.0,3.42,0.16,75.1,4.0,49.9,2.39,5.58,0.54,12.25,1.31,-2.78,0.16,10.6,0.06,0.0,0.0,3.91,1,1
UGC07608,NFW-LCDM,0.51,0.13,0.0,0.0,8.01,2.16,29.2,5.0,50.9,4.93,8.36,2.13,8.34,2.27,-2.37,0.38,10.62,0.13,0.0,0.0,1.94,1,1
UGC08550,NFW-LCDM,0.6,0.16,0.0,0.0,7.08,1.19,89.8,1.8,51.13,3.78,9.3,2.3,7.53,1.94,-2.26,0.36,10.63,0.1,0.0,0.0,1.53,1,1
UGC09992,NFW-LCDM,0.51,0.13,0.0,0.0,9.97,3.17,20.8,5.0,51.22,5.69,9.3,2.59,7.55,2.27,-2.26,0.42,10.63,0.14,0.0,0.0,,1,0
UGC02455,NFW-LCDM,0.34,0.08,0.0,0.0,2.26,0.7,49.7,5.1,51.67,4.31,11.47,3.21,6.17,1.8,-2.03,0.4,10.64,0.11,0.0,0.0,10.42,1,1
UGCA442,NFW-LCDM,0.61,0.14,0.0,0.0,4.31,0.21,70.5,5.4,51.99,2.43,6.92,0.75,10.3,1.22,-2.56,0.17,10.65,0.06,0.0,0.0,7.38,1,1
UGC08837,NFW-LCDM,0.38,0.08,0.0,0.0,6.99,0.35,78.6,5.0,52.17,2.83,3.64,0.47,19.64,2.76,-3.2,0.2,10.66,0.07,0.0,0.0,10.79,1,1
DDO170,NFW-LCDM,0.5,0.12,0.0,0.0,12.09,2.56,66.0,6.2,52.59,3.53,7.51,1.68,9.59,2.24,-2.48,0.32,10.67,0.09,0.0,0.0,4.44,1,1
DDO168,NFW-LCDM,0.56,0.12,0.0,0.0,4.11,0.21,61.2,4.8,53.33,2.87,7.39,0.85,9.88,1.26,-2.5,0.18,10.68,0.07,0.0,0.0,23.93,1,1
D631-7,NFW-LCDM,0.39,0.07,0.0,0.0,7.62,0.18,57.9,2.7,54.53,2.56,5.59,0.48,13.35,1.31,-2.78,0.14,10.71,0.06,0.0,0.0,12.21,1,1
UGC05829,NFW-LCDM,0.51,0.12,0.0,0.0,7.57,2.16,35.5,5.9,54.54,5.43,6.83,1.64,10.94,2.84,-2.58,0.37,10.71,0.13,0.0,0.0,0.6,1,1
UGC07125,NFW-LCDM,0.49,0.12,0.0,0.0,9.02,1.86,89.8,1.8,54.54,3.3,9.62,2.23,7.76,1.86,-2.22,0.33,10.71,0.08,0.0,0.0,0.76,1,1
UGC00731,NFW-LCDM,0.55,0.13,0.0,0.0,13.58,2.15,57.4,2.8,55.16,2.7,9.37,1.37,8.06,1.24,-2.25,0.21,10.73,0.06,0.0,0.0,0.54,1,1
UGC01281,NFW-LCDM,0.55,0.12,0.0,0.0,5.38,0.24,90.0,0.6,55.82,2.96,6.28,0.62,12.18,1.37,-2.66,0.16,10.74,0.07,0.0,0.0,1.88,1,1
UGC08490,NFW-LCDM,0.48,0.17,0.0,0.0,5.06,0.48,47.1,2.7,55.8,3.37,18.39,3.48,4.16,0.83,-1.52,0.27,10.74,0.08,0.0,0.0,0.29,1,1
UGC05716,NFW-LCDM,0.45,0.1,0.0,0.0,21.87,4.21,56.7,5.4,56.51,4.11,8.72,1.29,8.87,1.46,-2.32,0.24,10.76,0.09,0.0,0.0,2.49,1,1
UGC07603,NFW-LCDM,0.46,0.1,0.0,0.0,5.54,0.94,78.6,3.0,56.78,3.51,10.02,2.13,7.76,1.72,-2.18,0.3,10.77,0.08,0.0,0.0,2.36,1,1
UGC00891,NFW-LCDM,0.58,0.13,0.0,0.0,7.8,1.66,65.6,4.3,57.55,3.69,7.6,1.84,10.37,2.6,-2.47,0.34,10.78,0.08,0.0,0.0,,1,0
UGC04305,NFW-LCDM,0.53,0.15,0.0,0.0,3.46,0.17,18.5,2.0,57.89,3.68,12.05,2.98,6.58,1.68,-1.98,0.35,10.79,0.08,0.0,0.0,2.22,1,1
UGC05721,NFW-LCDM,0.47,0.11,0.0,0.0,8.84,1.29,60.1,4.5,57.8,3.69,15.56,3.37,5.09,1.15,-1.7,0.31,10.79,0.08,0.0,0.0,1.37,1,1
F563-V1,NFW-LCDM,0.47,0.12,0.0,0.0,41.44,13.93,28.8,10.0,58.74,7.68,6.86,1.99,11.73,3.74,-2.57,0.46,10.81,0.17,0.0,0.0,2.21,1,1
NGC1705,NFW-LCDM,0.82,0.23,0.0,0.0,5.97,0.28,83.9,5.8,58.92,4.03,14.57,2.69,5.54,1.09,-1.77,0.27,10.81,0.09,0.0,0.0,1.33,1,1
F565-V2,NFW-LCDM,0.54,0.13,0.0,0.0,54.6,8.65,66.9,7.4,59.27,3.96,8.65,1.8,9.39,2.06,-2.33,0.3,10.82,0.09,0.0,0.0,3.6,1,1
NGC2915,NFW-LCDM,0.44,0.09,0.0,0.0,4.09,0.2,58.4,3.4,59.08,2.78,15.19,1.96,5.33,0.73,-1.73,0.19,10.82,0.06,0.0,0.0,1.05,1,1
UGC05414,NFW-LCDM,0.47,0.11,0.0,0.0,8.37,1.58,55.2,2.9,60.26,4.04,7.3,1.73,11.31,2.78,-2.51,0.34,10.84,0.09,0.0,0.0,10.59,1,1
UGC11820,NFW-LCDM,0.58,0.13,0.0,0.0,12.82,2.98,58.7,6.6,60.16,4.68,6.09,1.14,13.54,2.74,-2.69,0.29,10.84,0.1,0.0,0.0,2.63,1,1
UGC12632,NFW-LCDM,0.48,0.12,0.0,0.0,8.58,1.74,44.9,2.8,59.97,3.99,9.57,1.94,8.59,1.84,-2.23,0.3,10.84,0.09,0.0,0.0,0.45,1,1
DDO161,NFW-LCDM,0.47,0.11,0.0,0.0,4.78,0.9,81.1,5.2,61.54,2.97,6.24,1.5,13.5,3.32,-2.67,0.33,10.87,0.06,0.0,0.0,1.99,1,1
UGC08286,NFW-LCDM,0.62,0.21,0.0,0.0,6.58,0.21,89.7,1.8,61.36,2.97,13.86,1.69,6.06,0.79,-1.83,0.18,10.87,0.06,0.0,0.0,3.02,1,1
UGC02023,NFW-LCDM,0.49,0.12,0.0,0.0,9.53,3.08,15.2,4.0,61.9,7.45,8.59,2.3,9.87,2.9,-2.34,0.42,10.88,0.16,0.0,0.0,,1,0
NGC4214,NFW-LCDM,0.54,0.12,0.0,0.0,2.88,0.14,18.7,1.9,62.61,3.94,8.98,2.29,9.55,2.51,-2.29,0.36,10.89,0.08,0.0,0.0,1.01,1,1
UGC06446,NFW-LCDM,0.51,0.13,0.0,0.0,13.56,2.34,50.9,2.8,62.64,3.98,11.52,2.29,7.45,1.55,-2.03,0.29,10.89,0.08,0.0,0.0,0.36,1,1
UGC06818,NFW-LCDM,0.41,0.09,0.0,0.0,15.99,2.16,74.8,3.0,62.69,3.75,6.89,1.24,12.46,2.37,-2.57,0.26,10.89,0.08,0.0,0.0,9.52,1,1
UGC07690,NFW-LCDM,0.67,0.14,0.0,0.0,8.63,1.67,40.4,4.4,62.23,4.57,7.08,1.86,12.04,3.29,-2.54,0.38,10.89,0.1,0.0,0.0,3.5,1,1
UGC04499,NFW-LCDM,0.47,0.11,0.0,0.0,11.33,2.19,50.5,2.8,63.39,4.19,8.25,1.86,10.52,2.47,-2.38,0.32,10.91,0.09,0.0,0.0,1.84,1,1
F583-4,NFW-LCDM,0.49,0.12,0.0,0.0,48.39,9.44,53.1,7.6,64.24,5.17,7.68,1.76,11.45,2.79,-2.46,0.34,10.93,0.1,0.0,0.0,0.34,1,1
UGC02259,NFW-LCDM,0.43,0.11,0.0,0.0,12.54,2.2,38.0,2.5,64.41,4.3,15.99,2.76,5.52,1.02,-1.67,0.26,10.93,0.09,0.0,0.0,2.44,1,1
UGC10310,NFW-LCDM,0.51,0.13,0.0,0.0,15.15,3.61,32.1,4.2,66.49,6.08,8.93,2.17,10.2,2.65,-2.3,0.36,10.97,0.12,0.0,0.0,1.63,1,1
UGC12732,NFW-LCDM,0.5,0.12,0.0,0.0,13.41,2.9,43.2,3.9,67.0,5.41,7.38,1.31,12.43,2.43,-2.5,0.28,10.98,0.11,0.0,0.0,0.26,1,1
F571-V1,NFW-LCDM,0.5,0.12,0.0,0.0,80.18,7.95,30.8,3.2,67.49,4.61,7.54,1.81,12.26,3.06,-2.48,0.34,10.99,0.09,0.0,0.0,1.39,1,1
UGC07261,NFW-LCDM,0.52,0.13,0.0,0.0,14.2,3.47,28.3,4.8,67.63,6.6,9.65,2.59,9.59,2.73,-2.22,0.4,10.99,0.13,0.0,0.0,0.87,1,1
F567-2,NFW-LCDM,0.48,0.13,0.0,0.0,78.73,11.78,13.4,2.0,67.75,5.36,8.94,2.31,10.38,2.81,-2.3,0.37,11.0,0.1,0.0,0.0,,1,0
UGC00191,NFW-LCDM,0.58,0.15,0.0,0.0,17.34,3.46,42.3,3.5,67.79,5.42,9.74,1.93,9.54,2.04,-2.21,0.3,11.0,0.1,0.0,0.0,6.09,1,1
F583-1,NFW-LCDM,0.59,0.14,0.0,0.0,39.61,6.23,66.8,4.4,68.88,4.1,6.01,1.08,15.7,2.98,-2.71,0.26,11.02,0.08,0.0,0.0,2.23,1,1
UGC05750,NFW-LCDM,0.52,0.13,0.0,0.0,47.27,9.93,59.5,9.0,69.21,5.84,5.7,1.35,16.64,4.17,-2.76,0.35,11.02,0.11,0.0,0.0,2.08,1,1
UGC04325,NFW-LCDM,0.49,0.12,0.0,0.0,11.8,1.96,40.1,2.6,70.07,4.62,13.94,2.47,6.88,1.3,-1.82,0.26,11.04,0.09,0.0,0.0,6.66,1,1
UGC07089,NFW-LCDM,0.46,0.1,0.0,0.0,15.58,2.04,79.5,3.0,70.27,4.19,6.0,1.13,16.05,3.16,-2.71,0.27,11.04,0.08,0.0,0.0,1.22,1,1
F563-1,NFW-LCDM,0.54,0.13,0.0,0.0,51.03,8.56,31.5,2.8,70.67,5.44,7.41,1.48,13.07,2.8,-2.49,0.3,11.05,0.1,0.0,0.0,1.47,1,1
F574-2,NFW-LCDM,0.5,0.13,0.0,0.0,88.04,8.99,12.8,2.1,71.15,5.09,7.61,2.14,12.81,3.71,-2.47,0.4,11.06,0.09,0.0,0.0,,1,0
NGC3109,NFW-LCDM,0.92,0.17,0.0,0.0,1.49,0.07,80.5,3.4,71.19,3.19,3.65,0.29,26.72,2.43,-3.2,0.13,11.06,0.06,0.0,0.0,15.31,1,1
UGC06923,NFW-LCDM,0.47,0.1,0.0,0.0,17.82,2.08,65.1,2.0,70.89,4.42,8.84,1.71,10.98,2.24,-2.31,0.28,11.06,0.08,0.0,0.0,4.67,1,1
UGC05999,NFW-LCDM,0.47,0.12,0.0,0.0,42.71,9.59,24.7,3.3,71.64,7.03,6.48,1.43,15.14,3.64,-2.63,0.34,11.07,0.13,0.0,0.0,,1,0
UGC07524,NFW-LCDM,0.5,0.11,0.0,0.0,4.75,0.24,46.9,2.4,71.78,3.78,6.33,0.66,15.54,1.81,-2.65,0.17,11.07,0.07,0.0,0.0,0.97,1,1
UGC07151,NFW-LCDM,0.72,0.13,0.0,0.0,6.93,0.33,89.8,1.8,72.19,4.25,6.97,1.19,14.19,2.57,-2.56,0.25,11.08,0.08,0.0,0.0,3.73,1,1
UGC06399,NFW-LCDM,0.56,0.13,0.0,0.0,18.88,2.13,75.2,2.0,73.1,4.36,8.55,1.44,11.72,2.1,-2.34,0.25,11.09,0.08,0.0,0.0,1.75,1,1
UGC05005,NFW-LCDM,0.49,0.12,0.0,0.0,46.09,10.05,43.0,6.0,74.1,6.9,5.95,1.38,17.06,4.26,-2.72,0.35,11.11,0.12,0.0,0.0,1.38,1,1
UGC06667,NFW-LCDM,0.64,0.15,0.0,0.0,20.51,2.15,89.0,0.8,74.21,3.96,8.83,1.15,11.52,1.62,-2.31,0.2,11.11,0.07,0.0,0.0,3.46,1,1
F563-V2,NFW-LCDM,0.55,0.14,0.0,0.0,62.6,10.71,39.6,5.0,74.68,6.29,7.92,1.75,12.92,3.06,-2.42,0.33,11.12,0.11,0.0,0.0,1.98,1,1
NGC0300,NFW-LCDM,0.41,0.08,0.0,0.0,2.07,0.1,51.9,5.0,74.26,4.75,6.69,0.97,15.21,2.42,-2.6,0.23,11.12,0.08,0.0,0.0,0.93,1,1
NGC2976,NFW-LCDM,0.6,0.09,0.0,0.0,3.62,0.18,68.4,7.2,74.78,4.35,4.49,0.75,22.81,4.05,-3.0,0.25,11.12,0.08,0.0,0.0,1.45,1,1
UGC00634,NFW-LCDM,0.46,0.11,0.0,0.0,30.84,5.95,47.3,4.9,74.55,6.14,6.28,1.36,16.26,3.77,-2.66,0.33,11.12,0.11,0.0,0.0,,1,0
UGC06628,NFW-LCDM,0.51,0.13,0.0,0.0,15.09,4.56,10.8,2.6,74.52,9.13,8.77,2.46,11.64,3.56,-2.32,0.44,11.12,0.16,0.0,0.0,0.9,1,1
UGC07399,NFW-LCDM,0.54,0.12,0.0,0.0,12.35,1.87,57.3,2.7,75.12,4.58,12.5,2.34,8.23,1.62,-1.94,0.27,11.13,0.08,0.0,0.0,1.99,1,1
F561-1,NFW-LCDM,0.49,0.13,0.0,0.0,66.39,10.14,13.6,1.8,75.54,6.19,8.78,2.26,11.79,3.18,-2.32,0.37,11.14,0.11,0.0,0.0,1.21,1,1
UGC04278,NFW-LCDM,0.48,0.1,0.0,0.0,13.05,1.8,89.9,1.7,76.12,4.23,5.52,0.96,18.89,3.46,-2.79,0.25,11.15,0.07,0.0,0.0,3.19,1,1
F568-V1,NFW-LCDM,0.53,0.14,0.0,0.0,83.9,7.61,49.7,5.6,77.02,5.36,11.17,2.13,9.45,1.92,-2.06,0.28,11.16,0.09,0.0,0.0,0.31,1,1
UGC07323,NFW-LCDM,0.49,0.11,0.0,0.0,7.95,1.4,47.8,2.8,76.63,5.14,6.16,1.44,17.04,4.13,-2.68,0.33,11.16,0.09,0.0,0.0,2.63,1,1
IC2574,NFW-LCDM,0.44,0.05,0.0,0.0,5.45,0.16,88.4,1.8,78.56,2.99,1.0,0.01,107.59,4.36,-4.29,0.07,11.19,0.05,0.0,0.0,36.3,1,1
NGC0100,NFW-LCDM,0.46,0.1,0.0,0.0,13.64,2.43,88.9,0.8,78.88,4.77,7.11,1.57,15.2,3.48,-2.54,0.31,11.19,0.08,0.0,0.0,1.94,1,1
NGC4183,NFW-LCDM,0.46,0.12,0.0,0.0,17.64,1.97,81.7,2.0,80.44,3.82,10.89,1.99,10.12,1.91,-2.09,0.26,11.22,0.06,0.0,0.0,0.33,1,1
UGC06983,NFW-LCDM,0.54,0.12,0.0,0.0,19.14,2.07,49.1,1.0,81.13,4.52,11.13,1.92,9.99,1.81,-2.06,0.25,11.23,0.07,0.0,0.0,0.77,1,1
NGC6503,NFW-LCDM,0.41,0.03,0.0,0.0,6.28,0.3,73.7,2.0,81.9,1.65,13.6,1.03,8.25,0.65,-1.85,0.11,11.24,0.03,0.0,0.0,1.58,1,1
NGC7793,NFW-LCDM,0.55,0.09,0.0,0.0,3.64,0.18,50.4,5.2,82.58,5.63,7.36,1.78,15.38,3.86,-2.5,0.35,11.25,0.09,0.0,0.0,0.94,1,1
NGC5585,NFW-LCDM,0.21,0.04,0.0,0.0,8.44,1.6,53.4,1.9,82.77,4.03,6.2,1.45,18.29,4.36,-2.68,0.32,11.26,0.06,0.0,0.0,6.94,1,1
F574-1,NFW-LCDM,0.54,0.13,0.0,0.0,97.27,9.0,68.6,7.5,83.56,5.59,7.98,1.24,14.35,2.42,-2.42,0.24,11.27,0.09,0.0,0.0,2.21,1,1
NGC0055,NFW-LCDM,0.36,0.06,0.0,0.0,2.15,0.11,78.0,2.9,83.92,4.19,4.55,0.46,25.26,2.85,-2.98,0.16,11.27,0.07,0.0,0.0,4.35,1,1
NGC4389,NFW-LCDM,0.32,0.07,0.0,0.0,13.59,2.23,46.0,4.0,83.98,6.66,7.09,1.64,16.23,3.96,-2.54,0.34,11.28,0.1,0.0,0.0,26.19,1,1
UGC01230,NFW-LCDM,0.52,0.13,0.0,0.0,56.4,9.94,21.6,2.3,84.14,8.29,9.47,1.99,12.17,2.82,-2.24,0.33,11.28,0.13,0.0,0.0,1.7,1,1
UGC11557,NFW-LCDM,0.47,0.12,0.0,0.0,19.62,6.16,24.7,4.8,84.17,13.14,6.92,1.74,16.66,4.92,-2.56,0.44,11.28,0.2,0.0,0.0,2.06,1,1
UGC06930,NFW-LCDM,0.5,0.13,0.0,0.0,18.36,2.32,31.3,2.8,84.82,7.04,9.07,2.04,12.81,3.07,-2.28,0.33,11.29,0.11,0.0,0.0,0.54,1,1
F568-1,NFW-LCDM,0.56,0.14,0.0,0.0,93.88,9.19,33.6,3.0,85.65,6.88,8.23,1.54,14.25,2.9,-2.38,0.29,11.3,0.1,0.0,0.0,1.57,1,1
NGC0024,NFW-LCDM,1.18,0.21,0.0,0.0,7.62,0.34,65.8,2.8,85.54,6.47,9.16,2.64,12.79,3.81,-2.27,0.41,11.3,0.1,0.0,0.0,0.66,1,1
UGC06917,NFW-LCDM,0.51,0.1,0.0,0.0,19.04,2.14,56.4,1.9,86.95,5.49,8.79,1.57,13.55,2.56,-2.32,0.26,11.32,0.08,0.0,0.0,1.5,1,1
F579-V1,NFW-LCDM,0.47,0.12,0.0,0.0,93.24,8.67,24.9,2.6,87.43,7.07,13.91,2.96,8.61,1.96,-1.82,0.32,11.33,0.11,0.0,0.0,0.91,1,1
F568-3,NFW-LCDM,0.55,0.13,0.0,0.0,80.04,8.08,47.2,5.3,87.91,8.0,3.86,0.68,31.23,6.2,-3.14,0.29,11.34,0.12,0.0,0.0,4.99,1,1
NGC0247,NFW-LCDM,0.66,0.12,0.0,0.0,3.74,0.18,74.5,2.9,90.75,4.26,5.92,0.55,20.98,2.19,-2.72,0.15,11.38,0.06,0.0,0.0,2.03,1,1
NGC2403,NFW-LCDM,0.39,0.04,0.0,0.0,2.83,0.16,57.0,2.9,91.68,3.23,17.99,1.04,6.98,0.47,-1.54,0.1,11.39,0.05,0.0,0.0,9.09,1,1
NGC3769,NFW-LCDM,0.41,0.07,0.0,0.0,17.72,2.03,69.9,2.0,93.79,5.28,9.26,1.85,13.87,2.88,-2.26,0.28,11.42,0.07,0.0,0.0,1.06,1,1
NGC4559,NFW-LCDM,0.43,0.08,0.0,0.0,8.12,1.33,67.0,1.0,94.26,5.37,8.78,2.11,14.71,3.63,-2.32,0.34,11.43,0.07,0.0,0.0,0.3,1,1
NGC6015,NFW-LCDM,0.55,0.09,0.0,0.0,15.92,2.22,59.3,2.0,97.13,3.51,17.52,2.6,7.6,1.16,-1.57,0.21,11.47,0.05,0.0,0.0,8.89,1,1
UGC00128,NFW-LCDM,0.53,0.11,0.0,0.0,62.55,8.03,61.7,7.1,97.95,7.39,8.07,0.77,16.62,2.02,-2.4,0.19,11.48,0.1,0.0,0.0,3.71,1,1
ESO116-G012,NFW-LCDM,0.39,0.07,0.0,0.0,18.54,2.67,75.0,2.9,99.57,5.81,6.74,1.26,20.24,3.96,-2.59,0.27,11.5,0.08,0.0,0.0,3.82,1,1
UGC03580,NFW-LCDM,0.68,0.12,0.28,0.05,11.11,2.03,63.8,4.1,99.71,6.44,11.53,2.0,11.85,2.2,-2.03,0.26,11.5,0.08,0.0,0.0,2.36,1,1
NGC4085,NFW-LCDM,0.39,0.07,0.0,0.0,17.62,2.02,82.2,2.0,100.4,8.36,9.01,1.89,15.26,3.45,-2.29,0.32,11.51,0.11,0.0,0.0,15.12,1,1
NGC3972,NFW-LCDM,0.55,0.1,0.0,0.0,19.53,2.03,77.1,1.0,105.53,9.21,8.24,1.52,17.53,3.58,-2.38,0.29,11.57,0.11,0.0,0.0,2.94,1,1
NGC1003,NFW-LCDM,0.66,0.1,0.0,0.0,10.61,1.66,68.6,4.9,106.38,6.03,4.66,0.89,31.27,6.23,-2.96,0.28,11.58,0.07,0.0,0.0,2.54,1,1
NGC4010,NFW-LCDM,0.46,0.08,0.0,0.0,18.59,2.06,89.1,0.8,107.15,9.2,7.04,1.29,20.85,4.23,-2.55,0.29,11.59,0.11,0.0,0.0,4.56,1,1
NGC2903,NFW-LCDM,0.27,0.05,0.0,0.0,6.72,1.01,64.9,3.0,111.41,4.83,24.98,3.75,6.11,0.96,-1.17,0.21,11.64,0.06,0.0,0.0,6.54,1,1
NGC3198,NFW-LCDM,0.46,0.05,0.0,0.0,13.97,1.22,72.9,2.9,111.11,2.58,9.96,1.06,15.29,1.67,-2.18,0.15,11.64,0.03,0.0,0.0,1.46,1,1
NGC4100,NFW-LCDM,0.57,0.1,0.0,0.0,19.26,1.96,73.1,2.0,113.52,7.37,11.43,2.86,13.6,3.52,-2.04,0.35,11.67,0.08,0.0,0.0,1.29,1,1
NGC3877,NFW-LCDM,0.32,0.06,0.0,0.0,17.09,1.98,76.0,1.0,114.84,8.65,13.53,2.45,11.62,2.28,-1.85,0.28,11.68,0.1,0.0,0.0,6.44,1,1
UGC05986,NFW-LCDM,0.49,0.08,0.0,0.0,14.28,1.76,89.8,1.8,115.68,8.99,5.29,0.95,29.96,5.87,-2.84,0.28,11.69,0.1,0.0,0.0,7.1,1,1
NGC3949,NFW-LCDM,0.46,0.07,0.0,0.0,18.06,2.0,54.9,2.0,116.31,15.87,8.31,2.05,19.17,5.41,-2.37,0.41,11.7,0.18,0.0,0.0,1.38,1,1
NGC1090,NFW-LCDM,0.54,0.1,0.0,0.0,32.52,4.89,63.9,2.9,117.06,6.85,9.11,2.14,17.61,4.27,-2.28,0.33,11.71,0.08,0.0,0.0,2.77,1,1
NGC5055,NFW-LCDM,0.26,0.02,0.0,0.0,10.06,0.3,62.0,4.7,118.4,4.81,12.2,1.03,13.29,1.25,-1.97,0.13,11.72,0.05,0.0,0.0,2.54,1,1
NGC5371,NFW-LCDM,0.26,0.05,0.0,0.0,37.08,5.56,52.4,1.9,120.81,4.97,28.09,3.35,5.89,0.74,-1.04,0.17,11.75,0.05,0.0,0.0,5.03,1,1
NGC3917,NFW-LCDM,0.76,0.12,0.0,0.0,19.4,1.93,79.5,2.0,121.49,11.29,4.87,0.91,34.16,7.15,-2.92,0.3,11.76,0.12,0.0,0.0,4.0,1,1
NGC4138,NFW-LCDM,0.62,0.12,0.7,0.17,18.71,1.96,53.7,2.8,125.53,16.35,7.17,1.89,24.0,7.05,-2.53,0.42,11.8,0.17,0.0,0.0,7.83,1,1
NGC6946,NFW-LCDM,0.5,0.07,0.53,0.07,5.23,0.76,38.1,1.9,125.12,12.61,8.43,1.83,20.34,4.86,-2.36,0.34,11.8,0.13,0.0,0.0,1.7,1,1
NGC0289,NFW-LCDM,0.53,0.1,0.0,0.0,21.53,3.27,48.1,4.1,126.55,10.15,6.96,1.32,24.9,5.13,-2.56,0.29,11.81,0.1,0.0,0.0,2.06,1,1
NGC2683,NFW-LCDM,0.66,0.07,0.67,0.16,9.81,0.47,80.6,4.6,126.88,10.91,6.93,2.15,25.09,8.06,-2.56,0.44,11.81,0.11,0.0,0.0,2.66,1,1
UGC03546,NFW-LCDM,0.59,0.12,0.47,0.08,25.63,3.54,55.1,4.4,130.97,11.35,11.8,2.65,15.2,3.65,-2.0,0.34,11.85,0.11,0.0,0.0,1.03,1,1
UGC06973,NFW-LCDM,0.21,0.04,0.48,0.1,14.67,1.97,69.7,3.2,130.04,23.06,17.02,4.01,10.47,3.09,-1.6,0.45,11.85,0.23,0.0,0.0,3.82,1,1
NGC5033,NFW-LCDM,0.35,0.07,0.39,0.07,16.81,2.31,66.1,1.0,133.17,3.84,18.05,2.79,10.1,1.59,-1.54,0.21,11.88,0.04,0.0,0.0,3.44,1,1
NGC5907,NFW-LCDM,0.3,0.05,0.0,0.0,16.99,0.86,88.0,1.6,134.01,1.65,21.83,2.42,8.41,0.94,-1.33,0.15,11.88,0.02,0.0,0.0,5.52,1,1
NGC4051,NFW-LCDM,0.47,0.09,0.0,0.0,16.3,1.98,47.9,2.9,135.73,22.18,6.84,1.89,27.2,8.73,-2.58,0.48,11.9,0.21,0.0,0.0,3.53,1,1
NGC0891,NFW-LCDM,0.25,0.03,0.54,0.07,9.54,0.48,89.9,0.6,137.81,6.55,16.73,2.47,11.29,1.75,-1.62,0.21,11.92,0.06,0.0,0.0,4.39,1,1
NGC3726,NFW-LCDM,0.49,0.08,0.0,0.0,16.07,1.84,52.6,2.0,139.04,16.43,5.69,1.48,33.49,9.56,-2.76,0.41,11.93,0.15,0.0,0.0,3.27,1,1
NGC4088,NFW-LCDM,0.39,0.06,0.0,0.0,15.59,1.85,68.9,2.0,138.89,18.69,6.4,1.67,29.74,8.73,-2.64,0.43,11.93,0.18,0.0,0.0,0.66,1,1
NGC3893,NFW-LCDM,0.46,0.07,0.0,0.0,18.95,1.99,49.3,1.9,140.33,17.52,9.12,2.31,21.08,5.96,-2.28,0.41,11.94,0.16,0.0,0.0,1.74,1,1
UGC02916,NFW-LCDM,0.5,0.12,0.5,0.07,61.63,7.11,48.0,4.1,140.21,11.62,14.16,1.86,13.56,2.1,-1.8,0.23,11.94,0.11,0.0,0.0,11.4,1,1
IC4202,NFW-LCDM,0.67,0.1,0.14,0.02,67.51,8.03,89.9,0.6,140.8,4.86,24.25,2.48,7.95,0.86,-1.21,0.15,11.95,0.04,0.0,0.0,20.56,1,1
NGC2998,NFW-LCDM,0.55,0.13,0.0,0.0,67.04,7.8,58.5,2.0,146.17,9.44,8.79,2.92,22.77,7.69,-2.31,0.46,12.0,0.08,0.0,0.0,3.53,1,1
UGC08699,NFW-LCDM,0.74,0.13,0.59,0.08,42.48,5.3,75.6,7.6,145.94,16.91,6.6,1.51,30.31,7.78,-2.61,0.37,12.0,0.15,0.0,0.0,0.72,1,1
NGC7814,NFW-LCDM,0.65,0.17,0.57,0.05,14.76,0.63,89.8,0.6,151.15,14.19,12.38,2.35,16.72,3.54,-1.95,0.3,12.04,0.12,0.0,0.0,0.7,1,1
F571-8,NFW-LCDM,0.2,0.03,0.0,0.0,53.84,8.15,82.6,5.4,152.15,17.67,7.17,1.74,29.05,7.81,-2.53,0.39,12.05,0.15,0.0,0.0,9.6,1,1
UGC05253,NFW-LCDM,0.28,0.05,0.75,0.13,19.53,3.09,35.9,3.1,155.28,13.17,17.76,2.38,11.98,1.9,-1.56,0.24,12.08,0.11,0.0,0.0,2.5,1,1
UGC06786,NFW-LCDM,0.4,0.07,0.61,0.08,31.19,3.97,64.0,3.0,155.45,6.81,15.07,2.32,14.13,2.27,-1.74,0.22,12.08,0.06,0.0,0.0,0.87,1,1
UGC12506,NFW-LCDM,0.43,0.09,0.0,0.0,104.59,8.79,86.4,3.1,155.72,5.0,17.11,2.13,12.47,1.6,-1.6,0.17,12.08,0.04,0.0,0.0,0.26,1,1
UGC09037,NFW-LCDM,0.25,0.04,0.0,0.0,79.78,7.49,59.4,5.6,157.68,20.07,5.79,0.96,37.32,7.82,-2.74,0.32,12.1,0.17,0.0,0.0,2.13,1,1
NGC3992,NFW-LCDM,0.56,0.14,0.0,0.0,24.06,2.03,56.7,1.9,160.99,12.67,12.1,3.64,18.23,5.66,-1.97,0.42,12.12,0.1,0.0,0.0,1.58,1,1
NGC4157,NFW-LCDM,0.48,0.07,0.67,0.15,16.46,1.81,82.2,3.0,162.24,21.78,5.84,1.56,38.04,11.39,-2.74,0.43,12.13,0.17,0.0,0.0,0.57,1,1
UGC09133,NFW-LCDM,0.75,0.1,0.53,0.07,51.0,6.49,58.7,4.7,165.5,8.99,6.26,0.72,36.22,4.63,-2.67,0.18,12.16,0.07,0.0,0.0,7.17,1,1
NGC4217,NFW-LCDM,0.98,0.2,0.22,0.03,16.56,1.79,85.6,1.9,166.35,22.82,7.93,1.93,28.75,8.03,-2.42,0.41,12.17,0.18,0.0,0.0,3.27,1,1
NGC3953,NFW-LCDM,0.62,0.11,0.0,0.0,17.23,1.93,62.1,1.0,169.41,33.65,6.0,2.37,38.67,17.09,-2.71,0.64,12.19,0.26,0.0,0.0,2.96,1,1
NGC5985,NFW-LCDM,0.28,0.05,0.65,0.15,40.83,5.77,60.0,2.0,171.13,6.59,26.42,3.45,8.87,1.21,-1.11,0.19,12.2,0.05,0.0,0.0,2.38,1,1
UGC02953,NFW-LCDM,0.54,0.08,0.57,0.08,16.9,2.0,53.7,3.2,176.03,8.52,10.73,1.31,22.47,2.95,-2.1,0.18,12.24,0.06,0.0,0.0,5.64,1,1
UGC02487,NFW-LCDM,0.7,0.15,0.59,0.11,64.86,7.86,46.2,3.4,180.83,11.54,9.94,2.66,24.91,6.85,-2.19,0.37,12.27,0.08,0.0,0.0,5.26,1,1
UGC03205,NFW-LCDM,0.68,0.08,1.04,0.12,52.91,5.57,68.8,3.8,180.02,16.39,4.82,1.18,51.19,13.37,-2.93,0.37,12.27,0.12,0.0,0.0,3.54,1,1
NGC4013,NFW-LCDM,0.54,0.08,0.82,0.18,17.26,1.74,88.9,0.8,181.99,21.54,4.22,0.89,59.02,14.26,-3.06,0.36,12.28,0.15,0.0,0.0,0.95,1,1
NGC0801,NFW-LCDM,0.72,0.08,0.0,0.0,66.5,6.77,79.9,1.0,189.32,19.58,3.25,0.74,79.7,19.86,-3.3,0.36,12.33,0.13,0.0,0.0,7.15,1,1
NGC2955,NFW-LCDM,0.32,0.06,0.82,0.12,88.28,8.59,55.5,5.4,196.66,31.77,8.35,2.04,32.26,9.43,-2.37,0.44,12.38,0.21,0.0,0.0,4.27,1,1
ESO079-G014,NFW-LCDM,0.57,0.11,0.0,0.0,31.56,4.21,78.7,4.9,198.9,22.56,4.41,0.89,61.74,14.28,-3.01,0.34,12.4,0.15,0.0,0.0,4.9,1,1
NGC7331,NFW-LCDM,0.42,0.05,0.61,0.13,12.8,1.2,74.5,2.0,200.41,13.27,7.11,1.08,38.63,6.39,-2.54,0.24,12.41,0.09,0.0,0.0,0.81,1,1
NGC3521,NFW-LCDM,0.5,0.08,0.0,0.0,8.06,1.18,74.3,5.1,205.06,37.15,5.97,1.53,47.02,14.77,-2.71,0.48,12.44,0.24,0.0,0.0,0.29,1,1
NGC2841,NFW-LCDM,1.0,0.11,0.88,0.09,14.47,1.12,83.9,5.6,226.94,11.51,5.84,0.82,53.24,7.92,-2.74,0.21,12.57,0.07,0.0,0.0,1.47,1,1
UGC06614,NFW-LCDM,0.47,0.11,0.71,0.17,88.0,8.27,28.8,3.4,234.82,41.67,5.48,1.31,58.72,17.48,-2.8,0.46,12.62,0.23,0.0,0.0,0.28,1,1
UGC02885,NFW-LCDM,0.42,0.09,1.05,0.12,77.08,6.59,65.4,3.6,247.18,20.42,5.87,1.27,57.69,13.4,-2.73,0.33,12.68,0.11,0.0,0.0,1.0,1,1
NGC6195,NFW-LCDM,0.36,0.07,0.84,0.1,110.54,10.58,60.5,4.6,251.74,43.44,4.35,1.09,79.27,24.11,-3.03,0.46,12.71,0.22,0.0,0.0,2.06,1,1
NGC6674,NFW-LCDM,1.29,0.21,0.92,0.24,39.6,5.47,60.8,5.2,271.84,34.26,2.01,0.42,184.96,45.27,-3.73,0.37,12.81,0.16,0.0,0.0,3.42,1,1
NGC5005,NFW-LCDM,0.5,0.08,0.55,0.08,16.37,1.26,67.3,2.0,297.89,66.76,5.71,1.61,71.51,25.74,-2.76,0.56,12.93,0.29,0.0,0.0,0.09,1,1
UGC11455,NFW-LCDM,0.61,0.08,0.0,0.0,65.12,7.9,90.0,0.6,317.88,47.66,3.63,0.81,120.1,32.4,-3.2,0.41,13.01,0.2,0.0,0.0,5.47,1,1
UGC06787,NFW-LCDM,1.1,0.14,0.3,0.04,32.33,3.45,68.5,2.7,423.69,35.28,1.33,0.22,437.52,80.25,-4.08,0.28,13.38,0.11,0.0,0.0,18.57,1,1
ESO563-G021,NFW-LCDM,0.96,0.12,0.0,0.0,56.54,6.34,83.3,2.9,451.09,42.53,2.68,0.52,230.66,49.94,-3.48,0.32,13.47,0.12,0.0,0.0,19.23,1,1
UGC11914,NFW-LCDM,0.34,0.05,0.91,0.14,20.8,2.62,29.0,2.6,498.21,48.76,5.46,1.04,125.05,26.85,-2.8,0.31,13.6,0.13,0.0,0.0,0.87,1,1
