name,Areq_true,absAreq_true,sign_true_pm1,sign_pred_pm1,sign_match,p_pred_pos_loo,p_pred_neg_loo,Areq_pred_two_stage,absAreq_pred_two_stage,err_two_stage,abs_err_two_stage,Areq_pred_oracle_sign,absAreq_pred_oracle_sign,err_oracle_sign,abs_err_oracle_sign,interior_active,at_lower_bound,at_upper_bound,Type,Dist,L36,logL36,MHI,logMHI,RHI,Vflat,Qual,n_points_used,s_inner,delta_R1,logM200
UGCA444,-2.000000000000002,2.000000000000002,-1,1,0,0.8123599175548629,0.18764008244513708,1.4095501576081142,1.4095501576081142,3.409550157608116,3.409550157608116,-2.0983941353370117,2.0983941353370117,-0.09839413533700947,0.09839413533700947,0,0,1,10.0,0.98,0.012,-1.9208187539523751,0.067,-1.1739251972991736,2.08,37.0,2.0,36.0,0.3621621621621621,-0.0006297790889632219,10.06
KK98-251,-2.0000000000000067,2.0000000000000067,-1,-1,1,0.22992831010203474,0.7700716898979653,-1.6264053848240496,1.6264053848240496,0.37359461517595705,0.37359461517595705,-1.6264053848240496,1.6264053848240496,0.37359461517595705,0.37359461517595705,0,0,1,10.0,6.8,0.085,-1.0705810742857071,0.115,-0.9393021596463883,2.9,33.7,2.0,15.0,0.3649851632047478,-0.006956912999538299,10.35
DDO064,1.2625000000000002,1.2625000000000002,1,-1,0,0.1049544494839651,0.8950455505160348,-2.1236240451214456,2.1236240451214456,-3.386124045121446,3.386124045121446,1.0977519605041253,1.0977519605041253,-0.1647480394958749,0.1647480394958749,1,0,0,10.0,6.8,0.157,-0.8041003475907662,0.211,-0.6757175447023074,3.49,46.1,1.0,14.0,0.30151843817787416,-0.023733661375545608,10.54
UGCA442,1.9625000000000024,1.9625000000000024,1,1,1,0.7178424278568803,0.28215757214311965,1.052999205292009,1.052999205292009,-0.9095007947079934,0.9095007947079934,1.052999205292009,1.052999205292009,-0.9095007947079934,0.9095007947079934,1,0,0,9.0,4.35,0.14,-0.8538719643217619,0.263,-0.5800442515102421,4.37,56.4,1.0,8.0,0.25177304964539005,-0.04196568675075777,10.65
DDO168,-0.9250000000000012,0.9250000000000012,-1,-1,1,0.36958000589075113,0.6304199941092489,-1.1296734897414016,1.1296734897414016,-0.20467348974140043,0.20467348974140043,-1.1296734897414016,1.1296734897414016,-0.20467348974140043,0.20467348974140043,1,0,0,10.0,4.25,0.191,-0.7189666327522725,0.413,-0.384049948343599,4.3,53.4,2.0,10.0,0.3595505617977528,-0.047643267111271155,10.68
D631-7,0.08750000000000055,0.08750000000000055,1,1,1,0.9401237946062734,0.05987620539372662,1.4351893827145672,1.4351893827145672,1.3476893827145666,1.3476893827145666,1.4351893827145672,1.4351893827145672,1.3476893827145666,1.3476893827145666,1,0,0,10.0,7.72,0.196,-0.707743928643524,0.29,-0.5376020021010439,0.0,57.7,1.0,16.0,0.1457538994800693,-0.05512606498438256,10.71
UGC01281,0.7249999999999992,0.7249999999999992,1,1,1,0.7808600318353066,0.2191399681646934,1.2174019864387096,1.2174019864387096,0.49240198643871036,0.49240198643871036,1.2174019864387096,1.2174019864387096,0.49240198643871036,0.49240198643871036,1,0,0,8.0,5.27,0.353,-0.4522252946121775,0.294,-0.5316526695878427,5.26,55.2,1.0,25.0,0.3115942028985507,-0.06299904908863589,10.74
UGC07603,1.8125000000000004,1.8125000000000004,1,1,1,0.9239085209924108,0.07609147900758917,1.0545685750111848,1.0545685750111848,-0.7579314249888156,0.7579314249888156,1.0545685750111848,1.0545685750111848,-0.7579314249888156,0.7579314249888156,1,0,0,7.0,4.7,0.376,-0.42481215507233894,0.258,-0.5883802940367698,4.37,61.6,1.0,12.0,0.3181818181818182,-0.07087203319288925,10.77
UGC05721,1.3749999999999998,1.3749999999999998,1,-1,0,0.36342775254385784,0.6365722474561422,-0.8159076351923695,0.8159076351923695,-2.190907635192369,2.190907635192369,0.9301698295762186,0.9301698295762186,-0.44483017042378115,0.44483017042378115,1,0,0,7.0,6.18,0.531,-0.2749054789185309,0.562,-0.2502636844309389,6.74,79.7,1.0,23.0,0.3450439146800502,-0.07628973933673017,10.79
NGC2915,0.5124999999999993,0.5124999999999993,1,1,1,0.9663604229026234,0.03363957709737664,1.1594063426978016,1.1594063426978016,0.6469063426978023,0.6469063426978023,1.1594063426978016,1.1594063426978016,0.6469063426978023,0.6469063426978023,1,0,0,11.0,4.06,0.641,-0.19314197048118256,0.508,-0.29413628771608075,7.16,83.5,2.0,30.0,0.16167664670658682,-0.08582760599722244,10.82
DDO161,-1.1875000000000007,1.1875000000000007,-1,1,0,0.8364360332295999,0.16356396677040008,0.9717638400584049,0.9717638400584049,2.1592638400584057,2.1592638400584057,-0.6960386987952655,0.6960386987952655,0.4914613012047352,0.4914613012047352,1,0,0,10.0,7.5,0.548,-0.26121944151563076,1.378,0.13924921757160696,10.69,66.3,1.0,31.0,0.2805429864253394,-0.10230794026321141,10.87
UGC08286,0.012499999999998864,0.012499999999998864,1,1,1,0.5498629241162106,0.4501370758837894,1.222464529246858,1.222464529246858,1.209964529246859,1.209964529246859,1.222464529246858,1.222464529246858,1.209964529246859,1.209964529246859,1,0,0,6.0,6.5,1.255,0.0986437258170569,0.642,-0.1924649719311467,8.07,82.4,1.0,17.0,0.39805825242718446,-0.10230794026321141,10.87
UGC06818,-0.5624999999999999,0.5624999999999999,-1,1,0,0.6561690208905323,0.3438309791094677,0.6724971318571308,0.6724971318571308,1.2349971318571307,1.2349971318571307,-0.7449616322815201,0.7449616322815201,-0.18246163228152024,0.18246163228152024,1,0,0,9.0,18.0,1.588,0.20085049809107747,1.079,0.033021444682910656,6.96,71.2,2.0,8.0,0.3286516853932584,-0.10890991765359856,10.89
UGC04499,-0.40000000000000063,0.40000000000000063,-1,1,0,0.6929292828096982,0.30707071719030177,0.790635303129609,0.790635303129609,1.1906353031296095,1.1906353031296095,-0.3954493026517756,0.3954493026517756,0.004550697348225052,0.004550697348225052,1,0,0,8.0,12.5,1.552,0.19089171692216964,1.1,0.04139268515822507,8.67,72.8,1.0,9.0,0.35714285714285715,-0.11586464575478443,10.91
F571-V1,0.2749999999999997,0.2749999999999997,1,1,1,0.7759685978348652,0.22403140216513484,0.0,0.0,-0.2749999999999997,0.2749999999999997,0.0,0.0,-0.2749999999999997,0.2749999999999997,1,0,0,7.0,80.1,1.849,0.266936911159173,1.217,0.08529057823006501,10.1,83.6,2.0,7.0,0.3827751196172249,-0.14545303345589017,10.99
F583-1,1.0000000000000004,1.0000000000000004,1,1,1,0.9671242558378086,0.03287574416219141,0.5153063561771929,0.5153063561771929,-0.48469364382280755,0.48469364382280755,0.5153063561771929,0.5153063561771929,-0.48469364382280755,0.48469364382280755,1,0,0,9.0,35.4,0.986,-0.0061230850587887945,2.126,0.32756326018727794,15.65,85.8,1.0,25.0,0.2738927738927739,-0.15653328627846244,11.02
NGC3109,1.7749999999999992,1.7749999999999992,1,1,1,0.9999884375751024,1.1562424897637591e-05,1.6610016854749565,1.6610016854749565,-0.11399831452504272,0.11399831452504272,1.6610016854749565,1.6610016854749565,-0.11399831452504272,0.11399831452504272,1,0,0,9.0,1.33,0.194,-0.712198270069774,0.477,-0.3214816209598861,6.0,66.2,1.0,25.0,0.25679758308157097,-0.17127279798844194,11.06
UGC06399,0.2749999999999994,0.2749999999999994,1,1,1,0.9995031743690037,0.0004968256309962893,1.508255864257362,1.508255864257362,1.2332558642573626,1.2332558642573626,1.508255864257362,1.508255864257362,1.2332558642573626,1.2332558642573626,1,0,0,9.0,18.0,2.296,0.36097188372593586,0.674,-0.17134010346468015,8.8,85.0,1.0,9.0,0.4176470588235294,-0.18232738863743161,11.09
UGC05005,0.1499999999999997,0.1499999999999997,1,1,1,0.9895420983320944,0.010457901667905611,0.2999117007153423,0.2999117007153423,0.1499117007153426,0.1499117007153426,0.2999117007153423,0.2999117007153423,0.1499117007153426,0.1499117007153426,1,0,0,10.0,53.7,4.1,0.6127838567197355,3.093,0.490379920003179,21.61,98.9,1.0,11.0,0.23811931243680484,-0.18969711573675813,11.11
NGC0300,1.6874999999999998,1.6874999999999998,1,1,1,0.9991699253591733,0.000830074640826739,1.0979617266264525,1.0979617266264525,-0.5895382733735473,0.5895382733735473,1.0979617266264525,1.0979617266264525,-0.5895382733735473,0.5895382733735473,1,0,0,7.0,2.08,2.922,0.465680211598278,0.936,-0.028724151261894745,9.2,93.3,2.0,25.0,0.4276527331189711,-0.1931560101229261,11.12
NGC2976,2.5624999999999996,2.5624999999999996,1,1,1,0.9999985760577358,1.4239422642114974e-06,0.5013219139214634,0.5013219139214634,-2.0611780860785363,2.0611780860785363,0.5013219139214634,0.5013219139214634,-2.0611780860785363,2.0611780860785363,1,0,0,5.0,3.58,3.371,0.5277587525209719,0.172,-0.7644715530924511,3.04,85.4,2.0,27.0,0.3360655737704918,-0.1931560101229261,11.12
UGC04278,1.5625,1.5625,1,1,1,0.9998334528862811,0.00016654711371888453,1.0665017266515266,1.0665017266515266,-0.49599827334847335,0.49599827334847335,1.0665017266515266,1.0665017266515266,-0.49599827334847335,0.49599827334847335,1,0,0,7.0,9.51,1.307,0.11627558758054428,1.116,0.04766419460155998,8.9,91.4,1.0,25.0,0.3648796498905908,-0.20295553194381213,11.15
IC2574,3.375,3.375,1,1,1,0.9999853281247782,1.4671875221750064e-05,0.9889915618057235,0.9889915618057235,-2.3860084381942768,2.3860084381942768,0.9889915618057235,0.9889915618057235,-2.3860084381942768,2.3860084381942768,1,0,0,9.0,3.91,1.016,0.006893707947900456,1.036,0.01535975540921423,10.81,66.4,2.0,34.0,0.28012048192771083,-0.21590834701317407,11.19
NGC0100,0.16249999999999953,0.16249999999999953,1,1,1,0.9995340004545965,0.00046599954540349486,1.0989278056174985,1.0989278056174985,0.9364278056174989,0.9364278056174989,1.0989278056174985,1.0989278056174985,0.9364278056174989,0.9364278056174989,1,0,0,6.0,13.5,3.232,0.5094713521025486,1.99,0.29885307640970665,16.36,88.1,1.0,21.0,0.300794551645857,-0.21590834701317407,11.19
NGC5585,0.8875000000000003,0.8875000000000003,1,1,1,0.9999207645811403,7.923541885968e-05,1.137795312505375,1.137795312505375,0.25029531250537473,0.25029531250537473,1.137795312505375,1.137795312505375,0.25029531250537473,0.25029531250537473,1,0,0,7.0,7.06,2.943,0.46879026209961094,1.683,0.22608411597582387,10.92,90.3,1.0,24.0,0.37320044296788485,-0.23256919743345358,11.26
UGC00128,0.34999999999999964,0.34999999999999964,1,-1,0,0.4195069372453724,0.5804930627546276,-0.10175243717928723,0.10175243717928723,-0.45175243717928687,0.45175243717928687,0.6230061097684745,0.6230061097684745,0.27300610976847484,0.27300610976847484,1,0,0,8.0,64.5,12.02,1.0799044676667207,7.431,0.8710472613054994,31.27,129.3,1.0,22.0,0.4350348027842227,-0.17176990354758298,11.48
ESO116-G012,1.9750000000000008,1.9750000000000008,1,1,1,0.9996241163608424,0.000375883639157637,1.4008053458162009,1.4008053458162009,-0.5741946541837999,0.5741946541837999,1.4008053458162009,1.4008053458162009,-0.5741946541837999,0.5741946541837999,1,0,0,7.0,13.0,4.292,0.6326597132939135,1.083,0.03462845662532034,9.58,109.1,1.0,15.0,0.36663611365719523,-0.15746871162722054,11.5
NGC4085,0.08749999999999938,0.08749999999999938,1,1,1,0.9967754632696574,0.00322453673034262,1.1411934704745323,1.1411934704745323,1.0536934704745329,1.0536934704745329,1.1411934704745323,1.1411934704745323,1.0536934704745329,1.0536934704745329,1,0,0,5.0,18.0,21.724,1.3369397941205898,1.349,0.13001194967190424,10.16,131.5,2.0,7.0,0.3209125475285171,-0.15031811566703931,11.51
NGC3972,0.9000000000000009,0.9000000000000009,1,1,1,0.9653279948713631,0.034672005128636885,1.239804724124895,1.239804724124895,0.33980472412489415,0.33980472412489415,1.239804724124895,1.239804724124895,0.33980472412489415,0.33980472412489415,1,0,0,4.0,18.0,14.353,1.156942684852226,1.214,0.08421868673923877,10.05,132.7,1.0,10.0,0.4242652599849285,-0.11325376076953424,11.57
NGC1003,-0.12499999999999999,0.12499999999999999,-1,1,0,0.8651595489747447,0.13484045102525533,1.6383013687018282,1.6383013687018282,1.7633013687018282,1.7633013687018282,-0.3309778598060401,0.3309778598060401,-0.2059778598060401,0.2059778598060401,1,0,0,6.0,11.4,6.82,0.8337843746564789,5.88,0.7693773260761385,33.33,109.8,1.0,36.0,0.42805100182149364,-0.10888810280367169,11.58
NGC4010,0.4999999999999992,0.4999999999999992,1,-1,0,0.33201210070395787,0.6679878992960422,-0.04910721471494664,0.04910721471494664,-0.5491072147149458,0.5491072147149458,1.5096539987357884,1.5096539987357884,1.0096539987357893,1.0096539987357893,1,0,0,7.0,18.0,17.193,1.235351663177412,2.832,0.4520932490177314,17.59,125.8,2.0,12.0,0.43402225755166934,-0.1045224448378092,11.59
NGC3877,-0.5999999999999998,0.5999999999999998,-1,1,0,0.9988050647418651,0.001194935258134855,0.9034993517669317,0.9034993517669317,1.5034993517669315,1.5034993517669315,-0.753626452160578,0.753626452160578,-0.15362645216057824,0.15362645216057824,1,0,0,5.0,18.0,72.535,1.8605476153848894,1.483,0.17114115102838204,11.47,168.4,2.0,13.0,0.3500593824228028,-0.06860904018841506,11.68
UGC05986,3.999999999999999,3.999999999999999,1,-1,0,0.30125243730080214,0.6987475626991979,-0.7182122939729003,0.7182122939729003,-4.7182122939729,4.7182122939729,1.4559393532119929,1.4559393532119929,-2.5440606467880063,2.5440606467880063,0,1,0,9.0,8.63,4.695,0.6716355966021298,2.667,0.4260230156898761,16.53,113.0,2.0,15.0,0.3553097345132743,-0.06571703103476119,11.69
NGC1090,-1.0000000000000002,1.0000000000000002,-1,-1,1,0.002399701607488291,0.9976002983925117,-0.843631538070001,0.843631538070001,0.1563684619299992,0.1563684619299992,-0.843631538070001,0.843631538070001,0.1563684619299992,0.1563684619299992,1,0,0,4.0,37.0,72.045,1.8576038456946433,8.783,0.943642882752129,30.49,164.4,1.0,24.0,0.3753041362530414,-0.059933012727452877,11.71
NGC3917,2.6875000000000004,2.6875000000000004,1,-1,0,0.228020963701971,0.771979036298029,-0.8599224494595036,0.8599224494595036,-3.547422449459504,3.547422449459504,1.1162350323073758,1.1162350323073758,-1.5712649676926247,1.5712649676926247,1,0,0,6.0,18.0,21.966,1.3417509792651747,1.888,0.2760019899620501,14.08,135.9,1.0,17.0,0.36497424576894777,-0.0455722398681809,11.76
F571-8,-2.0000000000000253,2.0000000000000253,-1,1,0,0.8696134413413905,0.13038655865860949,1.8107865563544339,1.8107865563544339,3.810786556354459,3.810786556354459,-1.8480327086361563,1.8480327086361563,0.151967291363869,0.151967291363869,0,0,1,5.0,53.3,10.164,1.0070646563783316,1.782,0.25090769970085597,24.55,139.7,1.0,13.0,0.404438081603436,0.0026855775406061312,12.05
ESO079-G014,-2.0000000000000027,2.0000000000000027,-1,-1,1,0.3270367626249463,0.6729632373750537,-1.9737726792996706,1.9737726792996706,0.02622732070033207,0.02622732070033207,-1.9737726792996706,1.9737726792996706,0.02622732070033207,0.02622732070033207,0,0,1,4.0,28.7,51.733,1.7137676639043045,3.14,0.49692964807321494,17.67,175.0,1.0,15.0,0.3471428571428571,0.023491596256612648,12.4
ESO563-G021,4.0,4.0,1,1,1,0.7418717329255967,0.2581282670744033,3.1636915177794083,3.1636915177794083,-0.8363084822205917,0.8363084822205917,3.1636915177794083,3.1636915177794083,-0.8363084822205917,0.8363084822205917,0,1,0,4.0,60.8,311.177,2.4930074895315832,24.298,1.3855705277254657,55.71,314.6,1.0,30.0,0.30689764780673867,0.01912233473436009,13.47
